Site,Treatment,Treat2,Plot,plant_sp,N Rows,Grass,Height.avg,Diameter,Fruit.number,Fruit.per.ind,Visits,Visits.per.ind,n.seeds_avg,sum.seeds,seeds.per.ind,Div_treat,logHeight,LogDiam,root_grass,log_fruit_percapita,het_treat
01JM1,AcnArb,Intra,11,Acnistus_arborescens,50,5,232.66667,97.23,290,12.083333333333,6,0.25,12.578947368421,239,9.9583333333333,1,5.4538955985,4.5873116677,2.2360679775,2.5713391556,1
01JM1,AcnArb&CapBac,Hetero.same,17,Acnistus_arborescens,50,25,364.66667,148.62,627,52.25,14,1.1666666666667,11.909090909091,131,10.916666666667,2,5.9017221717,5.0080987464,5,3.9749978046,2
01JM1,AcnArb&CapBac,Hetero.same,17,Capsicum_baccatum,50,25,123,0,255.71428571429,21.309523809524,1,0.0833333333333,23.428571428571,164,13.666666666667,2,4.8202815656,0,5,3.105013664,2
01JM1,AcnArb&CasDec,Hetero.diff,5,Acnistus_arborescens,200,10,209.66667,81.82,230.71428571429,19.226190476191,11,0.9166666666667,24.705882352941,420,35,2,5.3502771056,4.4166695781,3.1622776602,3.0069783228,3
01JM1,AcnArb&CasSyl,Hetero.diff,19,Acnistus_arborescens,200,25,294.66667,146,558.25,46.520833333333,8,0.6666666666667,23.157894736842,440,36.666666666667,2,5.6892326938,4.9904325868,5,3.8611682114,3
01JM1,AcnArb&CasSyl,Hetero.diff,19,Casearia_sylvestris,200,25,112.66667,30.8175,60,5,0,0,0,0,0,2,4.7332701889,3.4600164529,5,1.7917594692,3
01JM1,AcnArb&CelIgu,Hetero.diff,22,Acnistus_arborescens,200,10,304,120.5025,243.75,20.3125,4,0.3333333333333,12.8125,205,17.083333333333,2,5.7203117766,4.7999348387,3.1622776602,3.059293755,3
01JM1,AcnArb&CelIgu,Hetero.diff,22,Celtis_iguanaea,200,10,255,53.01,0,0,0,0,0,0,0,2,5.5451774445,3.9891692146,3.1622776602,0,3
01JM1,AcnArb&TreMic,Hetero.diff,15,Acnistus_arborescens,200,2,368,114.76,216.66666666667,18.055555555556,0,0,1.5,3,0.25,2,5.910796644,4.7515190823,1.4142135624,2.9473586893,3
01JM1,AcnArb&TreMic,Hetero.diff,15,Trema_micrantha,200,2,463.33333,72.6325,1394.4444444444,116.2037037037,26,2.1666666666667,32.421052631579,616,51.333333333333,2,6.140602685,4.2990865044,1.4142135624,4.7639134782,3
01JM1,All,Hetero.All,12,Acnistus_arborescens,50,10,260.66667,135.33,153.75,38.4375,5,1.25,22.875,183,45.75,6,5.5670714292,4.9150784172,3.1622776602,3.6747171403,6
01JM1,All,Hetero.All,12,Capsicum_baccatum,50,10,137.33333,26.9225,106.15384615385,26.538461538462,0,0,23.888888888889,215,53.75,6,4.9296662313,3.3294328154,3.1622776602,3.3155836289,6
01JM1,All,Hetero.All,12,Casearia_sylvestris,50,10,87.333333,31.9225,0,0,0,0,0,0,0,6,4.4811175373,3.4941563146,3.1622776602,0,6
01JM1,All,Hetero.All,12,Celtis_iguanaea,50,10,126.66667,46.656667,0,0,0,0,0,0,0,6,4.8494227008,3.8640225294,3.1622776602,0,6
01JM1,All,Hetero.All,12,Trema_micrantha,50,10,188.33333,53.163333,232.85714285714,58.214285714286,2,0.5,19.2,96,24,6,5.2435091299,3.9920041727,3.1622776602,4.0811628255,6
01JM1,CapBac,Intra,9,Capsicum_baccatum,50,5,172.66667,43.146667,651.47058823529,27.144607843137,14,0.5833333333333,54.947368421053,1044,43.5,1,5.1571377533,3.787517424,2.2360679775,3.3373557854,1
01JM1,CapBac&CasDec,Hetero.diff,20,Capsicum_baccatum,200,15,155,57.4025,560,46.666666666667,5,0.4166666666667,55.823529411765,949,79.083333333333,2,5.0498560072,4.0673586971,3.8729833462,3.8642323416,3
01JM1,CapBac&CasSyl,Hetero.diff,21,Capsicum_baccatum,200,10,164.33333,45.62,432.14285714286,36.011904761905,8,0.6666666666667,37,555,46.25,2,5.1079636379,3.8420296336,3.1622776602,3.6112396112,3
01JM1,CapBac&CasSyl,Hetero.diff,21,Casearia_sylvestris,200,10,115,24.2525,50,4.1666666666667,0,0,0,0,0,2,4.7535901911,3.2289251607,3.1622776602,1.6422277353,3
01JM1,CapBac&CelIgu,Hetero.diff,10,Capsicum_baccatum,200,10,145,40.785,308.57142857143,25.714285714286,6,0.5,37.125,594,49.5,2,4.9836066217,3.7325374235,3.1622776602,3.2851984678,3
01JM1,CapBac&CelIgu,Hetero.diff,10,Celtis_iguanaea,200,10,221.66667,48.7775,0,0,0,0,0,0,0,2,5.405675885,3.9075630747,3.1622776602,0,3
01JM1,CapBac&TreMic,Hetero.diff,3,Capsicum_baccatum,200,30,90.333333,27.1725,218.27272727273,18.189393939394,7,0.5833333333333,63.875,511,42.583333333333,2,4.5145158177,3.3383463248,5.4772255751,2.9543577274,3
01JM1,CapBac&TreMic,Hetero.diff,3,Trema_micrantha,200,30,175,114.58,200,16.666666666667,7,0.5833333333333,24.625,197,16.416666666667,2,5.170483995,4.7499629309,5.4772255751,2.8716796249,3
01JM1,CasDec&CasSyl,Hetero.same,6,Casearia_sylvestris,50,20,147.66667,68.9875,850,70.833333333333,3,0.25,19.25,308,25.666666666667,2,5.0017066636,4.2483166547,4.472135955,4.2743486209,2
01JM1,CasDec&CelIgu,Hetero.diff,2,Celtis_iguanaea,200,1,350.33333,73.035,60,5,0,0,5.6666666666667,17,1.4166666666667,2,5.8617354403,4.3045379544,1,1.7917594692,3
01JM1,CasDec&TreMic,Hetero.diff,8,Trema_micrantha,200,0,493.33333,61.2,760,63.333333333333,18,1.5,36.666666666667,770,64.166666666667,2,6.2032100534,4.1303549997,0,4.1640779002,3
01JM1,CasSyl,Intra,7,Casearia_sylvestris,50,52,125,43.805,1150,47.916666666667,2,0.0833333333333,27.666666666667,415,17.291666666667,1,4.836281907,3.8023197403,7.2111025509,3.89011817,1
01JM1,CasSyl&CelIgu,Hetero.diff,13,Casearia_sylvestris,200,15,120,41.0325,0,0,0,0,10.6,159,13.25,2,4.7957905456,3.7384431286,3.8729833462,0,3
01JM1,CasSyl&CelIgu,Hetero.diff,13,Celtis_iguanaea,200,15,293.33333,84.4025,40,3.3333333333333,0,0,0,0,0,2,5.6847129118,4.4473753744,3.8729833462,1.4663370688,3
01JM1,CasSyl&TreMic,Hetero.diff,1,Casearia_sylvestris,200,1,130,53.235,0,0,0,0,0,0,0,2,4.8751973232,3.9933264565,1,0,3
01JM1,CasSyl&TreMic,Hetero.diff,1,Trema_micrantha,200,1,487.66667,75.9575,511.81818181818,42.651515151515,7,0.5833333333333,8.7894736842105,167,13.916666666667,2,6.1916805938,4.3432533214,1,3.7762379931,3
01JM1,CelIgu,Intra,16,Celtis_iguanaea,50,20,441,45.625,283.33333333333,11.805555555556,0,0,23.625,378,15.75,1,6.0913098821,3.842136878,4.472135955,2.5498791045,1
01JM1,CelIgu&TreMic,Hetero.same,14,Celtis_iguanaea,50,2,181,39.9625,0,0,0,0,0,0,0,2,5.2040066871,3.712657014,1.4142135624,0,2
01JM1,CelIgu&TreMic,Hetero.same,14,Trema_micrantha,50,2,481.66667,84.67,992.35294117647,82.696078431373,16,1.3333333333333,16.941176470588,288,24,2,6.1793262843,4.450502706,1.4142135624,4.4271921237,2
01JM1,TreMic,Intra,23,Trema_micrantha,50,1,484.33333,52.92,855,35.625,13,0.5416666666667,25.65,513,21.375,1,6.18483594,3.9875014666,1,3.6007310673,1
02JM2,AcnArb,Intra,6,Acnistus_arborescens,50,30,229.33333,84.66,325,13.541666666667,7,0.2916666666667,15.4,231,9.625,1,5.439527535,4.4503859722,5.4772255751,2.6770180919,1
02JM2,AcnArb&CapBac,Hetero.same,18,Acnistus_arborescens,50,15,348.66667,132.26,262.14285714286,21.845238095238,6,0.5,13.615384615385,177,14.75,2,5.8569803198,4.8923021071,3.8729833462,3.1287426972,2
02JM2,AcnArb&CapBac,Hetero.same,18,Capsicum_baccatum,50,15,117.33333,35.14,214,17.833333333333,3,0.25,30,240,20,2,4.7735055005,3.5874002852,3.8729833462,2.9356283495,2
02JM2,AcnArb&CasDec,Hetero.diff,17,Acnistus_arborescens,200,30,285,100.2625,226.875,18.90625,5,0.4166666666667,32.538461538461,423,35.25,2,5.6559918108,4.6177161552,5.4772255751,2.9910337528,3
02JM2,AcnArb&CasSyl,Hetero.diff,19,Acnistus_arborescens,200,15,280.66667,88.605,199.11111111111,16.592592592593,8,0.6666666666667,22.375,358,29.833333333333,2,5.6407243388,4.495411122,3.8729833462,2.867477938,3
02JM2,AcnArb&CasSyl,Hetero.diff,19,Casearia_sylvestris,200,15,134.66667,31.9325,100,8.3333333333333,0,0,44,44,3.6666666666667,2,4.910200897,3.4944600121,3.8729833462,2.2335922215,3
02JM2,AcnArb&CelIgu,Hetero.diff,8,Acnistus_arborescens,200,45,291.66667,87.4725,182.22222222222,15.185185185185,6,0.5,2.8823529411765,49,4.0833333333333,2,5.6790343051,4.4826917693,6.7082039325,2.7840963291,3
02JM2,AcnArb&CelIgu,Hetero.diff,8,Celtis_iguanaea,200,45,121.33333,39.46,0,0,0,0,0,0,0,2,4.8067495591,3.7003138317,6.7082039325,0,3
02JM2,AcnArb&TreMic,Hetero.diff,13,Acnistus_arborescens,200,2,226.66667,84.2125,143.33333333333,11.944444444444,2,0.1666666666667,17,51,4.25,2,5.427882571,4.4451481367,1.4142135624,2.5606666957,3
02JM2,AcnArb&TreMic,Hetero.diff,13,Trema_micrantha,200,2,435,56.68,498,41.5,14,1.1666666666667,6.9230769230769,90,7.5,2,6.0776422433,4.054910493,1.4142135624,3.7495040759,3
02JM2,All,Hetero.All,2,Acnistus_arborescens,50,5,282,187.0575,198.75,49.6875,4,1,17.857142857143,125,31.25,6,5.6454468976,5.2367477671,2.2360679775,3.9256793319,6
02JM2,All,Hetero.All,2,Capsicum_baccatum,50,5,125,38.79,283.63636363636,70.909090909091,0,0,48.714285714286,341,85.25,6,4.836281907,3.6836156244,2.2360679775,4.275402695,6
02JM2,All,Hetero.All,2,Casearia_sylvestris,50,5,112,36.845,115,28.75,0,0,0,0,0,6,4.7273878187,3.6334988708,2.2360679775,3.392829132,6
02JM2,All,Hetero.All,2,Celtis_iguanaea,50,5,147.33333,56.8225,0,0,0,0,0,0,0,6,4.9994619933,4.0573779733,2.2360679775,0,6
02JM2,All,Hetero.All,2,Trema_micrantha,50,5,227,0,305,76.25,6,1.5,10.8,54,13.5,6,5.429345629,0,2.2360679775,4.3470469158,6
02JM2,CapBac,Intra,7,Capsicum_baccatum,50,2,169.33333,39.205,595,24.791666666667,11,0.4583333333333,23.428571428571,328,13.666666666667,1,5.1377573013,3.693991366,1.4142135624,3.2500514423,1
02JM2,CapBac&CasDec,Hetero.diff,10,Capsicum_baccatum,200,10,159.66667,44.3225,373.07692307692,31.089743589744,4,0.3333333333333,25.5625,409,34.083333333333,2,5.0793318256,3.8138035979,3.1622776602,3.4685364647,3
02JM2,CapBac&CasSyl,Hetero.diff,22,Capsicum_baccatum,200,15,138,40.42,471.41666666667,39.284722222222,4,0.3333333333333,20.071428571429,281,23.416666666667,2,4.9344739331,3.723763856,3.8729833462,3.6959722959,3
02JM2,CapBac&CasSyl,Hetero.diff,22,Casearia_sylvestris,200,15,166.66667,47.425,320,26.666666666667,0,0,2,4,0.3333333333333,2,5.1219778816,3.8800162093,3.8729833462,3.3202283191,3
02JM2,CapBac&CelIgu,Hetero.diff,5,Capsicum_baccatum,200,15,124,39.205,420,35,6,0.5,76.833333333333,1383,115.25,2,4.8283137373,3.693991366,3.8729833462,3.5835189385,3
02JM2,CapBac&CelIgu,Hetero.diff,5,Celtis_iguanaea,200,15,163.66667,31.2075,20,1.6666666666667,0,0,0,0,0,2,5.1039232287,3.4721993447,3.8729833462,0.980829253,3
02JM2,CapBac&TreMic,Hetero.diff,3,Capsicum_baccatum,200,5,125.33333,27.86,285.73333333333,23.811111111111,0,0,22.235294117647,378,31.5,2,4.8389239162,3.3624565533,2.2360679775,3.2112915815,3
02JM2,CapBac&TreMic,Hetero.diff,3,Trema_micrantha,200,5,322,67.81,444.16666666667,37.013888888889,13,1.0833333333333,25.642857142857,359,29.916666666667,2,5.7776523232,4.2313490832,2.2360679775,3.63795159,3
02JM2,CasDec&CasSyl,Hetero.same,14,Casearia_sylvestris,50,40,145.33333,61.315,500,41.666666666667,1,0.0833333333333,15.928571428571,223,18.583333333333,2,4.9858871242,4.1322021673,6.3245553203,3.7534179753,2
02JM2,CasDec&CelIgu,Hetero.diff,12,Celtis_iguanaea,200,30,234.66667,54.2525,50,4.1666666666667,1,0.0833333333333,1,2,0.1666666666667,2,5.4624183774,4.0119135882,5.4772255751,1.6422277353,3
02JM2,CasDec&TreMic,Hetero.diff,15,Trema_micrantha,200,3,409.66667,61.8975,352,29.333333333333,9,0.75,17.8125,285,23.75,2,6.0177818555,4.1415064173,1.7320508076,3.4122472178,3
02JM2,CasSyl,Intra,16,Casearia_sylvestris,50,15,167,51.3525,900,37.5,2,0.0833333333333,9.5333333333333,143,5.9583333333333,1,5.1239639794,3.9579996917,3.8729833462,3.6506582413,1
02JM2,CasSyl&CelIgu,Hetero.diff,4,Casearia_sylvestris,200,10,129,32.7575,188,15.666666666667,0,0,17.142857142857,240,20,2,4.8675344505,3.5192026149,3.1622776602,2.8134107168,3
02JM2,CasSyl&CelIgu,Hetero.diff,4,Celtis_iguanaea,200,10,225,47.8125,40,3.3333333333333,0,0,0,0,0,2,5.4205349993,3.8879864276,3.1622776602,1.4663370688,3
02JM2,CasSyl&TreMic,Hetero.diff,20,Casearia_sylvestris,200,1,84,24.4925,200,16.666666666667,0,0,18,18,1.5,2,4.4426512565,3.2383842913,1,2.8716796249,3
02JM2,CasSyl&TreMic,Hetero.diff,20,Trema_micrantha,200,1,391.33333,73.2425,516.42857142857,43.035714285714,9,0.75,26.294117647059,447,37.25,2,5.9721118185,4.3073367625,1,3.785000993,3
02JM2,CelIgu,Intra,11,Celtis_iguanaea,50,30,245.66667,43.9225,80,3.3333333333333,0,0,2,24,1,1,5.5080378977,3.8049387828,5.4772255751,1.4663370688,1
02JM2,CelIgu&TreMic,Hetero.same,21,Celtis_iguanaea,50,10,188.33333,19.5975,0,0,0,0,0,0,0,2,5.2435091299,3.0251697092,3.1622776602,0,2
02JM2,CelIgu&TreMic,Hetero.same,21,Trema_micrantha,50,10,326.66667,72.97,411.66666666667,34.305555555556,9,0.75,46.85,937,78.083333333333,2,5.7919968316,4.3036596056,3.1622776602,3.5640403327,2
02JM2,TreMic,Intra,9,Trema_micrantha,50,10,351.33333,36.00375,380.55555555556,15.856481481482,20,0.8333333333333,18.368421052632,349,14.541666666667,1,5.8645776971,3.6110192589,3.1622776602,2.8247352405,1
03SS,AcnArb,Intra,1,Acnistus_arborescens,50,31,242,109.8475,381.25,15.885416666667,6,0.25,6.5384615384615,85,3.5416666666667,1,5.4930614433,4.7081553828,5.5677643628,2.8264503303,1
03SS,AcnArb&CapBac,Hetero.same,19,Acnistus_arborescens,50,40,251,72.1275,140,11.666666666667,1,0.0833333333333,10.7,107,8.9166666666667,2,5.5294290875,4.292204493,6.3245553203,2.5389738711,2
03SS,AcnArb&CapBac,Hetero.same,19,Capsicum_baccatum,50,40,124.33333,47.5825,412.22222222222,34.351851851852,2,0.1666666666667,22.875,183,15.25,2,4.8309768545,3.8832633838,6.3245553203,3.5653507772,2
03SS,AcnArb&CasDec,Hetero.diff,14,Acnistus_arborescens,200,40,243.33333,105.325,260.41666666667,21.701388888889,8,0.6666666666667,15.5,186,15.5,2,5.4985334131,4.6665004411,6.3245553203,3.1224261071,3
03SS,AcnArb&CasSyl,Hetero.diff,15,Acnistus_arborescens,200,50,288.66667,132.5775,353.75,29.479166666667,8,0.6666666666667,1.7777777777778,16,1.3333333333333,2,5.6687308367,4.8946818337,7.0710678119,3.4170433901,3
03SS,AcnArb&CasSyl,Hetero.diff,15,Casearia_sylvestris,200,50,127,40.64,300,25,0,0,6,18,1.5,2,4.8520302639,3.7290612437,7.0710678119,3.258096538,3
03SS,AcnArb&CelIgu,Hetero.diff,8,Acnistus_arborescens,200,20,220.66667,117.4625,258.75,21.5625,3,0.25,15.909090909091,175,14.583333333333,2,5.4011747521,4.7745964548,4.472135955,3.1162892361,3
03SS,AcnArb&CelIgu,Hetero.diff,8,Celtis_iguanaea,200,20,146.33333,46.3725,0,0,0,0,0,0,0,2,4.9926975932,3.8580418916,4.472135955,0,3
03SS,AcnArb&TreMic,Hetero.diff,4,Acnistus_arborescens,200,30,206.66667,90.41,447,37.25,2,0.1666666666667,3.625,29,2.4166666666667,2,5.3359342303,4.5153548817,5.4772255751,3.6441435603,3
03SS,AcnArb&TreMic,Hetero.diff,4,Trema_micrantha,200,30,242.66667,213.54,423.57142857143,35.297619047619,9,0.75,7,49,4.0833333333333,2,5.4958011712,5.3684962012,5.4772255751,3.5917521481,3
03SS,All,Hetero.All,22,Acnistus_arborescens,50,10,259.33333,145.1925,255,63.75,1,0.25,0,0,0,6,5.561962861,4.9849242464,3.1622776602,4.1705337006,6
03SS,All,Hetero.All,22,Capsicum_baccatum,50,10,160,62.643333,249.25,62.3125,4,1,15.222222222222,137,34.25,6,5.081404365,4.1532945801,3.1622776602,4.148082782,6
03SS,All,Hetero.All,22,Casearia_sylvestris,50,10,110.33333,58.466667,57.5,14.375,0,0,0,0,0,6,4.712528704,4.0854159315,3.1622776602,2.7327428137,6
03SS,All,Hetero.All,22,Celtis_iguanaea,50,10,77.333333,15.433333,0,0,1,0.25,0,0,0,6,4.3609732254,2.7993117924,3.1622776602,0,6
03SS,All,Hetero.All,22,Trema_micrantha,50,10,254.33333,90.52,372,93,12,3,17.272727272727,190,47.5,6,5.5425698809,4.5165575276,3.1622776602,4.5432947823,6
03SS,CapBac,Intra,10,Capsicum_baccatum,50,10,169.66667,39.29,1077.6111111111,44.900462962963,15,0.625,82.1875,1315,54.791666666667,1,5.1397123366,3.6961032992,3.1622776602,3.8264752034,1
03SS,CapBac&CasDec,Hetero.diff,7,Capsicum_baccatum,200,15,163,61.395,462,38.5,5,0.4166666666667,58,928,77.333333333333,2,5.0998664278,4.133485144,3.8729833462,3.6763006719,3
03SS,CapBac&CasSyl,Hetero.diff,12,Capsicum_baccatum,200,35,162.66667,44.745,357.14285714286,29.761904761905,3,0.25,43.538461538462,566,47.166666666667,2,5.0978318393,3.8230824961,5.9160797831,3.4262770661,3
03SS,CapBac&CasSyl,Hetero.diff,12,Casearia_sylvestris,200,35,111.66667,35.765,186.66666666667,15.555555555556,0,0,25,50,4.1666666666667,2,4.7244336071,3.6045463056,5.9160797831,2.8067217286,3
03SS,CapBac&CelIgu,Hetero.diff,9,Capsicum_baccatum,200,20,166,54.4325,535.66666666667,44.638888888889,6,0.5,57.625,922,76.833333333333,2,5.1179938124,4.0151660643,4.472135955,3.8207601796,3
03SS,CapBac&CelIgu,Hetero.diff,9,Celtis_iguanaea,200,20,255.66667,32.55,90,7.5,2,0.1666666666667,0,0,0,2,5.5477782263,3.5130368634,4.472135955,2.1400661635,3
03SS,CapBac&TreMic,Hetero.diff,6,Capsicum_baccatum,200,10,160.33333,28.275,257.27272727273,21.439393939394,3,0.25,45.25,181,15.083333333333,2,5.0834726178,3.3767339095,3.1622776602,3.1108180722,3
03SS,CapBac&TreMic,Hetero.diff,6,Trema_micrantha,200,10,326.66667,57.355,457.85714285714,38.154761904762,15,1.25,34.461538461539,448,37.333333333333,2,5.7919968316,4.0665450449,3.1622776602,3.6675220473,3
03SS,CasDec&CasSyl,Hetero.same,21,Casearia_sylvestris,50,40,143.33333,62.2225,213.33333333333,17.777777777778,0,0,1,8,0.6666666666667,2,4.9721254391,4.1466602505,6.3245553203,2.9326741376,2
03SS,CasDec&CelIgu,Hetero.diff,13,Celtis_iguanaea,200,60,160,47.705,0,0,0,0,0,0,0,2,5.081404365,3.8857816942,7.7459666924,0,3
03SS,CasDec&TreMic,Hetero.diff,18,Trema_micrantha,200,10,341.33333,68.9975,458.23529411765,38.186274509804,11,0.9166666666667,1.6923076923077,22,1.8333333333333,2,5.8357849212,4.2484595271,3.1622776602,3.6683265454,3
03SS,CasSyl,Intra,2,Casearia_sylvestris,50,70,126.66667,47.635,300,12.5,0,0,6.9,69,2.875,1,4.8494227008,3.8843434363,8.3666002653,2.6026896854,1
03SS,CasSyl&CelIgu,Hetero.diff,17,Casearia_sylvestris,200,10,129.66667,38.66,100,8.3333333333333,0,0,3.25,26,2.1666666666667,2,4.8726495514,3.6803431231,3.1622776602,2.2335922215,3
03SS,CasSyl&CelIgu,Hetero.diff,17,Celtis_iguanaea,200,10,78,24.8375,0,0,0,0,30,30,2.5,2,4.3694478525,3.251826925,3.1622776602,0,3
03SS,CasSyl&TreMic,Hetero.diff,23,Casearia_sylvestris,200,5,137.33333,50.8,80,6.6666666666667,0,0,0,0,0,2,4.9296662313,3.9473901493,2.2360679775,2.0368819273,3
03SS,CasSyl&TreMic,Hetero.diff,23,Trema_micrantha,200,5,314.33333,65.15,714.66666666667,59.555555555556,10,0.8333333333333,10,180,15,2,5.7536302803,4.1919248906,2.2360679775,4.1035612173,3
03SS,CelIgu,Intra,5,Celtis_iguanaea,50,50,222.66667,47.0925,100,4.1666666666667,0,0,16,160,6.6666666666667,1,5.4101568485,3.8731262398,7.0710678119,1.6422277353,1
03SS,CelIgu&TreMic,Hetero.same,16,Celtis_iguanaea,50,20,92.333333,6.2025,0,0,0,0,0,0,0,2,4.5361773145,1.974428188,4.472135955,0,2
03SS,CelIgu&TreMic,Hetero.same,16,Trema_micrantha,50,20,288.66667,64.68,456,38,14,1.1666666666667,10.058823529412,171,14.25,2,5.6687308367,4.1847944651,4.472135955,3.6635616461,2
03SS,TreMic,Intra,11,Trema_micrantha,50,20,275.33333,47.305,583.88888888889,24.328703703704,14,0.5833333333333,31.588235294118,537,22.375,1,5.6216078663,3.877535075,4.472135955,3.2319382864,1
04AJ,AcnArb,Intra,8,Acnistus_arborescens,50,90,241.66667,73.185,326.42857142857,13.601190476191,8,0.3333333333333,7,77,3.2083333333333,1,5.4916887597,4.3065619734,9.4868329805,2.6811030649,1
04AJ,AcnArb&CapBac,Hetero.same,1,Acnistus_arborescens,50,100,292.66667,102.99,351.42857142857,29.285714285714,9,0.75,8.5,34,2.8333333333333,2,5.6824453374,4.6442947407,10,3.4106761256,2
04AJ,AcnArb&CapBac,Hetero.same,1,Capsicum_baccatum,50,100,112.33333,29.885,253.33333333333,21.111111111111,6,0.5,8.4,84,7,2,4.7303333286,3.4302706291,10,3.0960802474,2
04AJ,AcnArb&CasDec,Hetero.diff,6,Acnistus_arborescens,200,90,214.33333,70.0375,297.5,24.791666666667,6,0.5,5.9166666666667,71,5.9166666666667,2,5.372187215,4.2632079066,9.4868329805,3.2500514423,3
04AJ,AcnArb&CasSyl,Hetero.diff,14,Acnistus_arborescens,200,70,245,82.6,220,18.333333333333,10,0.8333333333333,12.2,122,10.166666666667,2,5.5053315359,4.4260435201,8.3666002653,2.9618307219,3
04AJ,AcnArb&CasSyl,Hetero.diff,14,Casearia_sylvestris,200,70,123,22.5425,0,0,0,0,0,0,0,2,4.8202815656,3.1588072984,8.3666002653,0,3
04AJ,AcnArb&CelIgu,Hetero.diff,21,Acnistus_arborescens,200,100,236.33333,46.855,218.57142857143,18.214285714286,5,0.4166666666667,14.888888888889,134,11.166666666667,2,5.4694656226,3.8681756056,10,2.95565405,3
04AJ,AcnArb&CelIgu,Hetero.diff,21,Celtis_iguanaea,200,100,94.666667,9.1475,0,0,0,0,0,0,0,2,4.5608699271,2.3172273697,10,0,3
04AJ,AcnArb&TreMic,Hetero.diff,12,Acnistus_arborescens,200,80,289.33333,84.88,265.2,22.1,5,0.4166666666667,7.8,39,3.25,2,5.6710296881,4.452950973,8.94427191,3.1398326175,3
04AJ,AcnArb&TreMic,Hetero.diff,12,Trema_micrantha,200,80,376.66667,30.99,212.5,17.708333333333,6,0.5,11.25,45,3.75,2,5.9340119724,3.465423354,8.94427191,2.9289690574,3
04AJ,All,Hetero.All,19,Acnistus_arborescens,50,70,215.33333,101.2875,174.28571428571,43.571428571429,9,2.25,14.375,115,28.75,6,5.3768204279,4.6277874759,8.3666002653,3.7970930388,6
04AJ,All,Hetero.All,19,Capsicum_baccatum,50,70,119.66667,43.4,211.11111111111,52.777777777778,2,0.5,9.5,38,9.5,6,4.7930319234,3.7932394694,8.3666002653,3.9848603294,6
04AJ,All,Hetero.All,19,Casearia_sylvestris,50,70,112.33333,21.8675,0,0,0,0,0,0,0,6,4.7303333286,3.1297166885,8.3666002653,0,6
04AJ,All,Hetero.All,19,Celtis_iguanaea,50,70,117.33333,13.57,0,0,0,0,0,0,0,6,4.7735055005,2.6789646202,8.3666002653,0,6
04AJ,All,Hetero.All,19,Trema_micrantha,50,70,362,29.175,265.45454545455,66.363636363636,7,1.75,16.5,66,16.5,6,5.8944028343,3.407013767,8.3666002653,4.2101053525,6
04AJ,CapBac,Intra,22,Capsicum_baccatum,50,65,160.66667,44.835,912,38,1,0.0416666666667,45,450,18.75,1,5.0855366025,3.8250479914,8.0622577483,3.6635616461,1
04AJ,CapBac&CasDec,Hetero.diff,23,Capsicum_baccatum,200,80,134,40.0675,459.0625,38.255208333333,4,0.3333333333333,37.272727272727,410,34.166666666667,2,4.9052747784,3.7152170544,8.94427191,3.6700841318,3
04AJ,CapBac&CasSyl,Hetero.diff,3,Capsicum_baccatum,200,85,133.66667,49.12,277,23.083333333333,2,0.1666666666667,10.444444444444,94,7.8333333333333,2,4.9028025895,3.91442013,9.2195444573,3.1815200383,3
04AJ,CapBac&CasSyl,Hetero.diff,3,Casearia_sylvestris,200,85,136.33333,36.395,200,16.666666666667,1,0.0833333333333,0,0,0,2,4.9224110604,3.6215370056,9.2195444573,2.8716796249,3
04AJ,CapBac&CelIgu,Hetero.diff,13,Capsicum_baccatum,200,90,122,0,501.66666666667,41.805555555556,0,0,17.1,171,14.25,2,4.8121843554,0,9.4868329805,3.7566678969,3
04AJ,CapBac&CelIgu,Hetero.diff,13,Celtis_iguanaea,200,90,79.666667,19.1775,0,0,0,0,0,0,0,2,4.3903254375,3.0045681222,9.4868329805,0,3
04AJ,CapBac&TreMic,Hetero.diff,4,Capsicum_baccatum,200,80,162.33333,23.76,385.55555555556,32.12962962963,5,0.4166666666667,21.142857142857,148,12.333333333333,2,5.0957931022,3.2092294478,8.94427191,3.5004280369,3
04AJ,CapBac&TreMic,Hetero.diff,4,Trema_micrantha,200,80,264.33333,31.4025,697.5,58.125,7,0.5833333333333,16.25,65,5.4166666666667,2,5.5809868971,3.4782355803,8.94427191,4.0796538468,3
04AJ,CasDec&CasSyl,Hetero.same,16,Casearia_sylvestris,50,90,128.66667,30.4725,0,0,3,0.25,8.2857142857143,58,4.8333333333333,2,4.8649670552,3.4491141487,9.4868329805,0,2
04AJ,CasDec&CelIgu,Hetero.diff,9,Celtis_iguanaea,200,100,121,22.1575,0,0,0,0,80,80,6.6666666666667,2,4.8040210447,3.1423187021,10,0,3
04AJ,CasDec&TreMic,Hetero.diff,7,Trema_micrantha,200,95,228.66667,49.9525,841.66666666667,70.138888888889,13,1.0833333333333,2.5384615384615,33,2.75,2,5.4366289825,3.9308938262,9.7467943448,4.2646341477,3
04AJ,CasSyl,Intra,10,Casearia_sylvestris,50,100,151.66667,33.905,116.66666666667,4.8611111111111,4,0.1666666666667,14.2,142,5.9166666666667,1,5.0282568957,3.5526300854,10,1.768339195,1
04AJ,CasSyl&CelIgu,Hetero.diff,11,Casearia_sylvestris,200,100,126.33333,36.895,0,0,0,0,7,70,5.8333333333333,2,4.8468083197,3.6348191773,10,0,3
04AJ,CasSyl&CelIgu,Hetero.diff,11,Celtis_iguanaea,200,100,77.333333,22.215,0,0,0,0,0,0,0,2,4.3609732254,3.1447986215,10,0,3
04AJ,CasSyl&TreMic,Hetero.diff,2,Casearia_sylvestris,200,100,97.333333,30.3775,0,0,0,0,0,0,0,2,4.5883630676,3.4460910756,10,0,3
04AJ,CasSyl&TreMic,Hetero.diff,2,Trema_micrantha,200,100,197,32.5225,1417.1428571429,118.09523809524,14,1.1666666666667,0.8125,13,1.0833333333333,2,5.2882670307,3.5122168552,10,4.7799234932,3
04AJ,CelIgu,Intra,5,Celtis_iguanaea,50,90,97.333333,14.4725,0,0,0,0,10.1,101,4.2083333333333,1,4.5883630676,2.7390642546,9.4868329805,0,1
04AJ,CelIgu&TreMic,Hetero.same,17,Celtis_iguanaea,50,90,118.33333,19.765,0,0,0,0,0,0,0,2,4.7819206975,3.0332688771,9.4868329805,0,2
04AJ,CelIgu&TreMic,Hetero.same,17,Trema_micrantha,50,90,276.66667,25.9625,273,22.75,7,0.5833333333333,2.3333333333333,28,2.3333333333333,2,5.6264213536,3.2944470117,9.4868329805,3.1675825305,2
04AJ,TreMic,Intra,18,Trema_micrantha,50,100,289.33333,64.255,497.5,20.729166666667,11,0.4583333333333,9.2,92,3.8333333333333,1,5.6710296881,4.1783026716,10,3.0786554441,1
05PF1,AcnArb,Intra,1,Acnistus_arborescens,50,40,259.33333,77.5175,942.4,39.266666666667,6,0.25,32,352,14.666666666667,1,5.561962861,4.3633215299,6.3245553203,3.6955239968,1
05PF1,AcnArb&CapBac,Hetero.same,5,Acnistus_arborescens,50,60,274.33333,53.43,179,14.916666666667,3,0.25,11,99,8.25,2,5.6179824847,3.9969154724,7.7459666924,2.7673667783,2
05PF1,AcnArb&CapBac,Hetero.same,5,Capsicum_baccatum,50,60,82.666667,20.775,170.42857142857,14.202380952381,1,0.0833333333333,7,35,2.9166666666667,2,4.4268406505,3.0807625227,7.7459666924,2.7214520572,2
05PF1,AcnArb&CasDec,Hetero.diff,15,Acnistus_arborescens,200,30,358.33333,87.8625,265,22.083333333333,2,0.1666666666667,30.357142857143,425,35.416666666667,2,5.8842504627,4.4870902313,5.4772255751,3.1391108564,3
05PF1,AcnArb&CasSyl,Hetero.diff,16,Acnistus_arborescens,200,60,293,105.5075,133.4,11.116666666667,2,0.1666666666667,17.285714285714,242,20.166666666667,2,5.6835797673,4.6682154052,7.7459666924,2.4945819153,3
05PF1,AcnArb&CasSyl,Hetero.diff,16,Casearia_sylvestris,200,60,111.66667,24.8675,80,6.6666666666667,0,0,0,0,0,2,4.7244336071,3.2529873545,7.7459666924,2.0368819273,3
05PF1,AcnArb&CelIgu,Hetero.diff,18,Acnistus_arborescens,200,40,295.33333,63.7525,243,20.25,0,0,15.875,254,21.166666666667,2,5.6914849467,4.1705723099,6.3245553203,3.0563568954,3
05PF1,AcnArb&CelIgu,Hetero.diff,18,Celtis_iguanaea,200,40,89.333333,8.255,0,0,0,0,0,0,0,2,4.5035065322,2.225163946,6.3245553203,0,3
05PF1,AcnArb&TreMic,Hetero.diff,8,Acnistus_arborescens,200,15,185.33333,62.7025,1050,87.5,2,0.1666666666667,7.2,36,3,2,5.2275371843,4.1542238083,3.8729833462,4.483002552,3
05PF1,AcnArb&TreMic,Hetero.diff,8,Trema_micrantha,200,15,372.66667,48.495,300,25,2,0.1666666666667,17.1,171,14.25,2,5.9233641345,3.9018716544,3.8729833462,3.258096538,3
05PF1,All,Hetero.All,23,Acnistus_arborescens,50,20,307.66667,103.4375,350,87.5,2,0.5,3,6,1.5,6,5.7322619461,4.6485888064,4.472135955,4.483002552,6
05PF1,All,Hetero.All,23,Capsicum_baccatum,50,20,161.66667,48.38,164.54545454545,41.136363636364,0,0,20.25,162,40.5,6,5.0917031174,3.8995454839,4.472135955,3.7409111122,6
05PF1,All,Hetero.All,23,Casearia_sylvestris,50,20,113.33333,34.366667,20,5,1,0.25,0,0,0,6,4.7391181582,3.565769757,4.472135955,1.7917594692,6
05PF1,All,Hetero.All,23,Celtis_iguanaea,50,20,112.66667,21.9,0,0,0,0,0,0,0,6,4.7332701889,3.1311369106,4.472135955,0,6
05PF1,All,Hetero.All,23,Trema_micrantha,50,20,323.33333,68.3975,356.92307692308,89.230769230769,5,1.25,13.625,109,27.25,6,5.7817717934,4.2398508438,4.472135955,4.5023704912,6
05PF1,CapBac,Intra,9,Capsicum_baccatum,50,20,170,31.95,503.84615384615,20.99358974359,4,0.1666666666667,43.142857142857,604,25.166666666667,1,5.1416635565,3.4949912609,4.472135955,3.0907510356,1
05PF1,CapBac&CasDec,Hetero.diff,3,Capsicum_baccatum,200,42,160.33333,30.2975,176.33333333333,14.694444444444,7,0.5833333333333,19.923076923077,259,21.583333333333,2,5.0834726178,3.4435382222,6.4807406984,2.7533067927,3
05PF1,CapBac&CasSyl,Hetero.diff,17,Capsicum_baccatum,200,50,153.33333,50.805,248.18181818182,20.681818181818,2,0.1666666666667,33.388888888889,601,50.083333333333,2,5.0391147652,3.9474866697,7.0710678119,3.0764740375,3
05PF1,CapBac&CasSyl,Hetero.diff,17,Casearia_sylvestris,200,50,134.33333,28.3525,100,8.3333333333333,0,0,0,0,0,2,4.9077408707,3.3793777215,7.0710678119,2.2335922215,3
05PF1,CapBac&CelIgu,Hetero.diff,13,Capsicum_baccatum,200,60,153.33333,45.2725,413.84615384615,34.48717948718,6,0.5,51.666666666667,930,77.5,2,5.0391147652,3.8345478321,7.7459666924,3.56917149,3
05PF1,CapBac&CelIgu,Hetero.diff,13,Celtis_iguanaea,200,60,68.333333,11.9375,0,0,0,0,0,0,0,2,4.238925791,2.560130071,7.7459666924,0,3
05PF1,CapBac&TreMic,Hetero.diff,12,Capsicum_baccatum,200,17,171.66667,35.4675,453.57142857143,37.797619047619,8,0.6666666666667,17.333333333333,260,21.666666666667,2,5.1513629538,3.596421453,4.1231056256,3.65835888,3
05PF1,CapBac&TreMic,Hetero.diff,12,Trema_micrantha,200,17,275,54.1275,343.07692307692,28.589743589744,1,0.0833333333333,16.090909090909,177,14.75,2,5.6204008657,4.0096486842,4.1231056256,3.3874278009,3
05PF1,CasDec&CasSyl,Hetero.same,6,Casearia_sylvestris,50,80,131,48.4475,0,0,0,0,3.1,31,2.5833333333333,2,4.8828019226,3.9009115007,8.94427191,0,2
05PF1,CasDec&CelIgu,Hetero.diff,14,Celtis_iguanaea,200,40,101.66667,13.8275,0,0,0,0,5,5,0.4166666666667,2,4.6314874946,2.6964835647,6.3245553203,0,3
05PF1,CasDec&TreMic,Hetero.diff,19,Trema_micrantha,200,25,302,89.31,434.61538461539,36.217948717949,5,0.4166666666667,10.058823529412,171,14.25,2,5.7137328055,4.5032481963,5,3.6167911373,3
05PF1,CasSyl,Intra,4,Casearia_sylvestris,50,70,91.666667,37.39,0,0,1,0.0416666666667,7.2222222222222,65,2.7083333333333,1,4.5290088251,3.647797009,8.3666002653,0,1
05PF1,CasSyl&CelIgu,Hetero.diff,7,Casearia_sylvestris,200,65,126,31.34,55,4.5833333333333,0,0,1.6363636363636,18,1.5,2,4.8441870865,3.4763048541,8.0622577483,1.7197859696,3
05PF1,CasSyl&CelIgu,Hetero.diff,7,Celtis_iguanaea,200,65,88,18.4975,0,0,0,0,0,0,0,2,4.4886363697,2.9702862522,8.0622577483,0,3
05PF1,CasSyl&TreMic,Hetero.diff,20,Casearia_sylvestris,200,20,111.66667,44.5425,0,0,0,0,0,0,0,2,4.7244336071,3.8186459559,4.472135955,0,3
05PF1,CasSyl&TreMic,Hetero.diff,20,Trema_micrantha,200,20,347.66667,63.7025,358.57142857143,29.880952380952,7,0.5833333333333,8.4285714285714,118,9.8333333333333,2,5.8541163561,4.1697998406,4.472135955,3.430139566,3
05PF1,CelIgu,Intra,10,Celtis_iguanaea,50,30,104.33333,15.675,0,0,0,0,7.4166666666667,89,3.7083333333333,1,4.6571299246,2.8139105918,5.4772255751,0,1
05PF1,CelIgu&TreMic,Hetero.same,11,Celtis_iguanaea,50,25,58.333333,11.4375,0,0,0,0,0,0,0,2,4.0831712616,2.5207161025,5,0,2
05PF1,CelIgu&TreMic,Hetero.same,11,Trema_micrantha,50,25,235,48.9,407.14285714286,33.928571428571,7,0.5833333333333,16.333333333333,294,24.5,2,5.463831805,3.9100210028,5,3.5533051599,2
05PF1,TreMic,Intra,2,Trema_micrantha,50,22,270.33333,63.1,359.33333333333,14.972222222222,15,0.625,22.214285714286,311,12.958333333333,1,5.6033480772,4.1604443639,4.6904157598,2.7708511023,1
06PF2,AcnArb,Intra,22,Acnistus_arborescens,50,70,251,78.59,191,7.9583333333333,6,0.25,13.090909090909,144,6,1,5.5294290875,4.3768884568,8.3666002653,2.1925841978,1
06PF2,AcnArb&CapBac,Hetero.same,21,Acnistus_arborescens,50,40,249.33333,104.1775,166.25,13.854166666667,6,0.5,4.5714285714286,32,2.6666666666667,2,5.522793363,4.6556493991,6.3245553203,2.6982804095,2
06PF2,AcnArb&CapBac,Hetero.same,21,Capsicum_baccatum,50,40,147.33333,29.805,403.63636363636,33.636363636364,7,0.5833333333333,3.375,27,2.25,2,4.9994619933,3.4276770145,6.3245553203,3.5449041023,2
06PF2,AcnArb&CasDec,Hetero.diff,19,Acnistus_arborescens,200,70,284.33333,73.495,161.42857142857,13.452380952381,8,0.6666666666667,9.3636363636364,103,8.5833333333333,2,5.6536580874,4.310732009,8.3666002653,2.6708591728,3
06PF2,AcnArb&CasSyl,Hetero.diff,16,Acnistus_arborescens,200,20,230,83.945,77.125,6.4270833333333,6,0.5,17.083333333333,205,17.083333333333,2,5.4424177105,4.4420039882,4.472135955,2.0051332289,3
06PF2,AcnArb&CasSyl,Hetero.diff,16,Casearia_sylvestris,200,20,122,30.6025,50,4.1666666666667,0,0,0,0,0,2,4.8121843554,3.4532362314,4.472135955,1.6422277353,3
06PF2,AcnArb&CelIgu,Hetero.diff,12,Acnistus_arborescens,200,35,287.66667,94.19,268.375,22.364583333333,5,0.4166666666667,3.5454545454546,39,3.25,2,5.66527262,4.5558748943,5.9160797831,3.1512213431,3
06PF2,AcnArb&CelIgu,Hetero.diff,12,Celtis_iguanaea,200,35,158.33333,32.29,0,0,0,0,0,0,0,2,5.0709984436,3.5052570516,5.9160797831,0,3
06PF2,AcnArb&TreMic,Hetero.diff,17,Acnistus_arborescens,200,4,215,47.7225,120,10,0,0,0,0,0,2,5.3752784077,3.8861409357,2,2.3978952728,3
06PF2,AcnArb&TreMic,Hetero.diff,17,Trema_micrantha,200,4,365.66667,59.95,401.46666666667,33.455555555556,7,0.5833333333333,7,77,6.4166666666667,2,5.9044531702,4.1100538559,2,3.5396702488,3
06PF2,All,Hetero.All,6,Acnistus_arborescens,50,10,280.33333,153.83,88.222222222222,22.055555555556,8,2,9.125,73,18.25,6,5.6395402058,5.0423277408,3.1622776602,3.1379067623,6
06PF2,All,Hetero.All,6,Capsicum_baccatum,50,10,117,44.22,733.63636363636,183.40909090909,1,0.25,6.3333333333333,57,14.25,6,4.7706846245,3.8115394668,3.1622776602,5.2171566098,6
06PF2,All,Hetero.All,6,Casearia_sylvestris,50,10,151.66667,81.015,140,35,0,0,0.3333333333333,1,0.25,6,5.0282568957,4.4069021574,3.1622776602,3.5835189385,6
06PF2,All,Hetero.All,6,Celtis_iguanaea,50,10,143,43.62,0,0,0,0,0,0,0,6,4.9698132996,3.798182189,3.1622776602,0,6
06PF2,All,Hetero.All,6,Trema_micrantha,50,10,298.66667,72.7475,297.77777777778,74.444444444444,12,3,13.5,108,27,6,5.7026707459,4.3006470963,3.1622776602,4.3233965502,6
06PF2,CapBac,Intra,20,Capsicum_baccatum,50,40,145.33333,45.8375,334.16666666667,13.923611111111,4,0.1666666666667,12.1,121,5.0416666666667,1,4.9858871242,3.8466841641,6.3245553203,2.7029445971,1
06PF2,CapBac&CasDec,Hetero.diff,23,Capsicum_baccatum,200,50,127.33333,49.01,319,26.583333333333,4,0.3333333333333,23.066666666667,346,28.833333333333,2,4.8546310454,3.9122229854,7.0710678119,3.3172117256,3
06PF2,CapBac&CasSyl,Hetero.diff,3,Capsicum_baccatum,200,20,148.66667,52.125,383.33333333333,31.944444444444,11,0.9166666666667,11,132,11,2,5.0084105993,3.9726476272,4.472135955,3.4948226411,3
06PF2,CapBac&CasSyl,Hetero.diff,3,Casearia_sylvestris,200,20,140.66667,52.41,0,0,1,0.0833333333333,0,0,0,2,4.9534768805,3.9779979944,4.472135955,0,3
06PF2,CapBac&CelIgu,Hetero.diff,8,Capsicum_baccatum,200,30,156.66667,51.8125,418.46153846154,34.871794871795,3,0.25,20.125,322,26.833333333333,2,5.0604831,3.9667479051,5.4772255751,3.5799513285,3
06PF2,CapBac&CelIgu,Hetero.diff,8,Celtis_iguanaea,200,30,205,52.71,40,3.3333333333333,2,0.1666666666667,0,0,0,2,5.3278761688,3.9835992039,5.4772255751,1.4663370688,3
06PF2,CapBac&TreMic,Hetero.diff,11,Capsicum_baccatum,200,4,149,49.9975,277.66666666667,23.138888888889,8,0.6666666666667,10.153846153846,132,11,2,5.0106352941,3.9317766119,2,3.1838241868,3
06PF2,CapBac&TreMic,Hetero.diff,11,Trema_micrantha,200,4,375.33333,75.35,428.57142857143,35.714285714286,16,1.3333333333333,10.7,107,8.9166666666667,2,5.9304752754,4.3353280317,2,3.6031659358,3
06PF2,CasDec&CasSyl,Hetero.same,15,Casearia_sylvestris,50,5,154,39.9225,70,5.8333333333333,3,0.25,0.4444444444444,4,0.3333333333333,2,5.0434251169,3.711680034,2.2360679775,1.9218125975,2
06PF2,CasDec&CelIgu,Hetero.diff,1,Celtis_iguanaea,200,15,189.66667,48.7575,0,0,1,0.0833333333333,8,32,2.6666666666667,2,5.2505267029,3.907161206,3.8729833462,0,3
06PF2,CasDec&TreMic,Hetero.diff,2,Trema_micrantha,200,10,315.66667,57.0675,652.85714285714,54.404761904762,7,0.5833333333333,5.5333333333333,83,6.9166666666667,2,5.757849696,4.061606127,3.1622776602,4.014665545,3
06PF2,CasSyl,Intra,9,Casearia_sylvestris,50,8,144.33333,35.08,300,12.5,0,0,0.5454545454545,6,0.25,1,4.9790299545,3.5857386952,2.8284271247,2.6026896854,1
06PF2,CasSyl&CelIgu,Hetero.diff,7,Casearia_sylvestris,200,10,140.66667,74.36,200,16.666666666667,2,0.1666666666667,15.923076923077,207,17.25,2,4.9534768805,4.3222766303,3.1622776602,2.8716796249,3
06PF2,CasSyl&CelIgu,Hetero.diff,7,Celtis_iguanaea,200,10,220.66667,56.95,50,4.1666666666667,0,0,0,0,0,2,5.4011747521,4.0595805698,3.1622776602,1.6422277353,3
06PF2,CasSyl&TreMic,Hetero.diff,5,Casearia_sylvestris,200,3,153,60.75,100,8.3333333333333,0,0,1,1,0.0833333333333,2,5.0369526024,4.1230939755,1.7320508076,2.2335922215,3
06PF2,CasSyl&TreMic,Hetero.diff,5,Trema_micrantha,200,3,438,78.3925,882,73.5,17,1.4166666666667,11.5,184,15.333333333333,2,6.0844994131,4.3744039054,1.7320508076,4.3107991254,3
06PF2,CelIgu,Intra,4,Celtis_iguanaea,50,25,171,27.9775,0,0,0,0,8.8,132,5.5,1,5.1474944768,3.3665196668,5,0,1
06PF2,CelIgu&TreMic,Hetero.same,18,Celtis_iguanaea,50,15,88.666667,11.636,0,0,0,0,0,0,0,2,4.496099091,2.5365498829,3.8729833462,0,2
06PF2,CelIgu&TreMic,Hetero.same,18,Trema_micrantha,50,15,411.66667,63.015,314.54545454546,26.212121212121,6,0.5,9.7647058823529,166,13.833333333333,2,6.0226401647,4.1591174309,3.8729833462,3.3036625068,2
06PF2,TreMic,Intra,10,Trema_micrantha,50,12,400.66667,50.355,473.33333333333,19.722222222222,18,0.75,2.9090909090909,32,1.3333333333333,1,5.9956225573,3.9387623026,3.4641016151,3.0312066617,1
07ZM,AcnArb,Intra,17,Acnistus_arborescens,50,10,275.66667,115.2575,226.875,9.453125,6,0.25,5.3846153846154,70,2.9166666666667,1,5.6228134122,4.7558075585,3.1622776602,2.3469009768,1
07ZM,AcnArb&CapBac,Hetero.same,20,Acnistus_arborescens,50,5,261.66667,95.3125,154.33333333333,12.861111111111,7,0.5833333333333,24,192,16,2,5.5708858013,4.5675981131,2.2360679775,2.6290871573,2
07ZM,AcnArb&CapBac,Hetero.same,20,Capsicum_baccatum,50,5,173.33333,52.38,272.78571428571,22.732142857143,2,0.1666666666667,25.230769230769,328,27.333333333333,2,5.1609691752,3.977436144,2.2360679775,3.166830368,2
07ZM,AcnArb&CasDec,Hetero.diff,13,Acnistus_arborescens,200,10,254,81.8325,225.625,18.802083333333,6,0.5,34.75,417,34.75,2,5.5412635452,4.4168204965,3.1622776602,2.985787151,3
07ZM,AcnArb&CasSyl,Hetero.diff,18,Acnistus_arborescens,200,10,256.66667,73.8725,148.33333333333,12.361111111111,8,0.6666666666667,13.882352941177,236,19.666666666667,2,5.55166676,4.3157866669,3.1622776602,2.5923483316,3
07ZM,AcnArb&CasSyl,Hetero.diff,18,Casearia_sylvestris,200,10,146.66667,50.0375,123.33333333333,10.277777777778,0,0,0,0,0,2,4.9949574816,3.9325606566,3.1622776602,2.4228342211,3
07ZM,AcnArb&CelIgu,Hetero.diff,3,Acnistus_arborescens,200,1,220.66667,82.835,233.76923076923,19.480769230769,9,0.75,13.944444444444,251,20.916666666667,2,5.4011747521,4.4288505814,1,3.0194863596,3
07ZM,AcnArb&CelIgu,Hetero.diff,3,Celtis_iguanaea,200,1,66.666667,20.005,0,0,0,0,0,0,0,2,4.2145936904,3.0447605046,1,0,3
07ZM,AcnArb&TreMic,Hetero.diff,15,Acnistus_arborescens,200,20,217,67.12,160.625,13.385416666667,5,0.4166666666667,13.5,81,6.75,2,5.3844950628,4.2212708558,4.472135955,2.6662149619,3
07ZM,AcnArb&TreMic,Hetero.diff,15,Trema_micrantha,200,20,341.33333,53.375,406.66666666667,33.888888888889,8,0.6666666666667,19.857142857143,139,11.583333333333,2,5.8357849212,3.9959044894,4.472135955,3.5521684086,3
07ZM,All,Hetero.All,1,Acnistus_arborescens,50,5,294.33333,107.6975,86.166666666667,21.541666666667,0,0,1,5,1.25,6,5.6881046618,4.6885687948,2.2360679775,3.1153654485,6
07ZM,All,Hetero.All,1,Capsicum_baccatum,50,5,138.66667,41.12,146,36.5,1,0.25,8,56,14,6,4.9392586315,3.7405226873,2.2360679775,3.624340933,6
07ZM,All,Hetero.All,1,Casearia_sylvestris,50,5,136.66667,62.6775,206.66666666667,51.666666666667,0,0,0,0,0,6,4.9248353045,4.153831282,2.2360679775,3.9639827444,6
07ZM,All,Hetero.All,1,Celtis_iguanaea,50,5,71.333333,28.53,0,0,0,0,0,0,0,6,4.2812850648,3.3854066958,2.2360679775,0,6
07ZM,All,Hetero.All,1,Trema_micrantha,50,5,345.66667,76.6775,185.45454545455,46.363636363636,3,0.75,10.625,85,21.25,6,5.8483637036,4.3525656401,2.2360679775,3.857854769,6
07ZM,CapBac,Intra,16,Capsicum_baccatum,50,40,140,46.4275,352.1875,14.674479166667,13,0.5416666666667,15.066666666667,226,9.4166666666667,1,4.9487598904,3.8592022292,6.3245553203,2.752033859,1
07ZM,CapBac&CasDec,Hetero.diff,22,Capsicum_baccatum,200,5,187,54.705,551.53846153846,45.961538461539,12,1,32.722222222222,589,49.083333333333,2,5.2364419628,4.0200699095,2.2360679775,3.8493289361,3
07ZM,CapBac&CasSyl,Hetero.diff,23,Capsicum_baccatum,200,5,156.66667,46.2225,290.38461538462,24.198717948718,12,1,55,880,73.333333333333,2,5.0604831,3.8548704739,2.2360679775,3.2267931182,3
07ZM,CapBac&CasSyl,Hetero.diff,23,Casearia_sylvestris,200,5,172.66667,70.445,160,13.333333333333,1,0.0833333333333,5,10,0.8333333333333,2,5.1571377533,4.2689279229,2.2360679775,2.662587827,3
07ZM,CapBac&CelIgu,Hetero.diff,4,Capsicum_baccatum,200,35,125,44.79,205.76923076923,17.147435897436,1,0.0833333333333,17.8125,285,23.75,2,4.836281907,3.8240657267,5.9160797831,2.8985292779,3
07ZM,CapBac&CelIgu,Hetero.diff,4,Celtis_iguanaea,200,35,46,17.7775,0,0,0,0,0,0,0,2,3.8501476017,2.9326593446,5.9160797831,0,3
07ZM,CapBac&TreMic,Hetero.diff,9,Capsicum_baccatum,200,10,133,54.925,139.16666666667,11.597222222222,19,1.5833333333333,12.375,99,8.25,2,4.8978398,4.0240115074,3.1622776602,2.5334763311,3
07ZM,CapBac&TreMic,Hetero.diff,9,Trema_micrantha,200,10,351,60.47,401.25,33.4375,6,0.5,29.583333333333,355,29.583333333333,2,5.8636311756,4.1185492509,3.1622776602,3.5391460869,3
07ZM,CasDec&CasSyl,Hetero.same,7,Casearia_sylvestris,50,10,168.33333,81.65,587.5,48.958333333333,1,0.0833333333333,10.8,108,9,2,5.1318691587,4.4146148243,3.1622776602,3.9111893247,2
07ZM,CasDec&CelIgu,Hetero.diff,12,Celtis_iguanaea,200,5,105,32.0575,0,0,0,0,0,0,0,2,4.6634390941,3.4982484694,2.2360679775,0,3
07ZM,CasDec&TreMic,Hetero.diff,6,Trema_micrantha,200,5,365.66667,62.88,406,33.833333333333,7,0.5833333333333,7.3529411764706,125,10.416666666667,2,5.9044531702,4.1570063233,2.2360679775,3.5505747827,3
07ZM,CasSyl,Intra,5,Casearia_sylvestris,50,15,134.66667,29.65,400,16.666666666667,1,0.0416666666667,10.2,102,4.25,1,4.910200897,3.4226326624,3.8729833462,2.8716796249,1
07ZM,CasSyl&CelIgu,Hetero.diff,14,Casearia_sylvestris,200,15,158.33333,38.4575,0,0,1,0.0833333333333,4.2857142857143,30,2.5,2,5.0709984436,3.6752241433,3.8729833462,0,3
07ZM,CasSyl&CelIgu,Hetero.diff,14,Celtis_iguanaea,200,15,169.33333,17.4175,0,0,0,0,1.25,5,0.4166666666667,2,5.1377573013,2.9133012996,3.8729833462,0,3
07ZM,CasSyl&TreMic,Hetero.diff,19,Casearia_sylvestris,200,10,161.33333,65.605,265,22.083333333333,0,0,2,2,0.1666666666667,2,5.0896518342,4.1987796498,3.1622776602,3.1391108564,3
07ZM,CasSyl&TreMic,Hetero.diff,19,Trema_micrantha,200,10,339.33333,58.1125,536,44.666666666667,10,0.8333333333333,12.833333333333,231,19.25,2,5.8299255294,4.079442408,3.1622776602,3.8213686372,3
07ZM,CelIgu,Intra,21,Celtis_iguanaea,50,5,189.66667,52.6175,50,2.0833333333333,0,0,24.153846153846,314,13.083333333333,1,5.2505267029,3.9818755073,2.2360679775,1.1260112629,1
07ZM,CelIgu&TreMic,Hetero.same,2,Celtis_iguanaea,50,2,38.666667,11.2975,0,0,0,0,0,0,0,2,3.6805112045,2.5093959897,1.4142135624,0,2
07ZM,CelIgu&TreMic,Hetero.same,2,Trema_micrantha,50,2,264,61.155,392.72727272727,32.727272727273,10,0.8333333333333,9.6875,155,12.916666666667,2,5.579729826,4.1296312652,1.4142135624,3.5183067898,2
07ZM,TreMic,Intra,11,Trema_micrantha,50,1,390.66667,51.935,522,21.75,12,0.5,6.2777777777778,113,4.7083333333333,1,5.970411138,3.9690647458,1,3.1245651454,1
08NEI,AcnArb,Intra,20,Acnistus_arborescens,50,35,274.33333,58.625,316.25,13.177083333333,10,0.4166666666667,35.6,534,22.25,1,5.6179824847,4.0880749492,5.9160797831,2.6516268112,1
08NEI,AcnArb&CapBac,Hetero.same,18,Acnistus_arborescens,50,35,241.66667,52.7775,160,13.333333333333,3,0.25,42.727272727273,470,39.166666666667,2,5.4916887597,3.9848551641,5.9160797831,2.662587827,2
08NEI,AcnArb&CapBac,Hetero.same,18,Capsicum_baccatum,50,35,133.33333,26.7975,291.66666666667,24.305555555556,0,0,32.5,130,10.833333333333,2,4.900324273,3.3249460886,5.9160797831,3.2310239588,2
08NEI,AcnArb&CasDec,Hetero.diff,10,Acnistus_arborescens,200,60,311.66667,72.3525,200,16.666666666667,4,0.3333333333333,47.352941176471,805,67.083333333333,2,5.7451376604,4.2952765872,7.7459666924,2.8716796249,3
08NEI,AcnArb&CasSyl,Hetero.diff,14,Acnistus_arborescens,200,40,361,116.92,141.66666666667,11.805555555556,3,0.25,92.8,1392,116,2,5.8916442118,4.7700064284,6.3245553203,2.5498791045,3
08NEI,AcnArb&CasSyl,Hetero.diff,14,Casearia_sylvestris,200,40,157.66667,40.7725,30,2.5,0,0,0,0,0,2,5.0668055658,3.7322382283,6.3245553203,1.2527629685,3
08NEI,AcnArb&CelIgu,Hetero.diff,12,Acnistus_arborescens,200,40,269.33333,70.325,195,16.25,4,0.3333333333333,49.466666666667,742,61.833333333333,2,5.5996557653,4.2672468971,6.3245553203,2.8478121435,3
08NEI,AcnArb&CelIgu,Hetero.diff,12,Celtis_iguanaea,200,40,212.33333,36.5175,0,0,0,0,0,0,0,2,5.3628558875,3.6248074908,6.3245553203,0,3
08NEI,AcnArb&TreMic,Hetero.diff,23,Acnistus_arborescens,200,8,291.33333,36.6975,50,4.1666666666667,0,0,2,2,0.1666666666667,2,5.6778947036,3.6295937793,2.8284271247,1.6422277353,3
08NEI,AcnArb&TreMic,Hetero.diff,23,Trema_micrantha,200,8,362.66667,71.0925,483.33333333333,40.277777777778,10,0.8333333333333,37.111111111111,668,55.666666666667,2,5.8962376973,4.2779500167,2.8284271247,3.7203242868,3
08NEI,All,Hetero.All,15,Acnistus_arborescens,50,10,302.33333,102.4075,25,6.25,7,1.75,36.875,295,73.75,6,5.7148323107,4.6386774933,3.1622776602,1.9810014689,6
08NEI,All,Hetero.All,15,Capsicum_baccatum,50,10,155,33.136667,101.42857142857,25.357142857143,0,0,52.125,417,104.25,6,5.0498560072,3.5303720754,3.1622776602,3.2717393144,6
08NEI,All,Hetero.All,15,Casearia_sylvestris,50,10,136,45.85,0,0,0,0,0,0,0,6,4.9199809258,3.8469510087,3.1622776602,0,6
08NEI,All,Hetero.All,15,Celtis_iguanaea,50,10,185,37.395,0,0,0,0,0,0,0,6,5.2257466737,3.6479272428,3.1622776602,0,6
08NEI,All,Hetero.All,15,Trema_micrantha,50,10,313.66667,80.89,296.36363636364,74.090909090909,6,1.5,53.666666666667,483,120.75,6,5.7515138776,4.4053768833,3.1622776602,4.3186995007,6
08NEI,CapBac,Intra,13,Capsicum_baccatum,50,50,111.33333,33.6275,315.83333333333,13.159722222222,2,0.0833333333333,45.055555555556,811,33.791666666667,1,4.7214706414,3.5446481641,7.0710678119,2.650401471,1
08NEI,CapBac&CasDec,Hetero.diff,19,Capsicum_baccatum,200,65,114.66667,23.2425,257.7,21.475,5,0.4166666666667,14,182,15.166666666667,2,4.7507124916,3.1881072912,8.0622577483,3.1124035804,3
08NEI,CapBac&CasSyl,Hetero.diff,4,Capsicum_baccatum,200,30,159,51.74,293.75,24.479166666667,2,0.1666666666667,27.818181818182,306,25.5,2,5.0751738152,3.9653741809,5.4772255751,3.2378611248,3
08NEI,CapBac&CasSyl,Hetero.diff,4,Casearia_sylvestris,200,30,155.66667,34.5075,326.66666666667,27.222222222222,0,0,24,72,6,2,5.0541204062,3.5697439418,5.4772255751,3.3401096897,3
08NEI,CapBac&CelIgu,Hetero.diff,1,Capsicum_baccatum,200,40,124.33333,30.9825,351.25,29.270833333333,4,0.3333333333333,7.8666666666667,118,9.8333333333333,2,4.8309768545,3.4651888782,6.3245553203,3.4101846527,3
08NEI,CapBac&CelIgu,Hetero.diff,1,Celtis_iguanaea,200,40,281,57.5675,80,6.6666666666667,1,0.0833333333333,0,0,0,2,5.6419070709,4.0701799352,6.3245553203,2.0368819273,3
08NEI,CapBac&TreMic,Hetero.diff,5,Capsicum_baccatum,200,30,143,29.7275,132.72727272727,11.060606060606,2,0.1666666666667,12.375,99,8.25,2,4.9698132996,3.4251580191,5.4772255751,2.4899444438,3
08NEI,CapBac&TreMic,Hetero.diff,5,Trema_micrantha,200,30,339.33333,67.1175,425.29411764706,35.441176470588,24,2,16.263157894737,309,25.75,2,5.8299255294,4.2212341552,5.4772255751,3.595699357,3
08NEI,CasDec&CasSyl,Hetero.same,9,Casearia_sylvestris,50,50,168.66667,44.9375,80,6.6666666666667,0,0,25.090909090909,276,23,2,5.1338357281,3.827281777,7.0710678119,2.0368819273,2
08NEI,CasDec&CelIgu,Hetero.diff,22,Celtis_iguanaea,200,40,231,40.15,0,0,0,0,9.6666666666667,29,2.4166666666667,2,5.4467373717,3.7172239271,6.3245553203,0,3
08NEI,CasDec&TreMic,Hetero.diff,6,Trema_micrantha,200,10,421,71.47,313.84615384615,26.153846153846,9,0.75,12.75,204,17,2,6.045005314,4.2831726831,3.1622776602,3.3015186995,3
08NEI,CasSyl,Intra,8,Casearia_sylvestris,50,80,123.33333,22.32,60,2.5,0,0,30,360,15,1,4.8229661307,3.1493113615,8.94427191,1.2527629685,1
08NEI,CasSyl&CelIgu,Hetero.diff,7,Casearia_sylvestris,200,50,131.66667,47.878,70,5.8333333333333,0,0,34,34,2.8333333333333,2,4.8878397169,3.8893273975,7.0710678119,1.9218125975,3
08NEI,CasSyl&CelIgu,Hetero.diff,7,Celtis_iguanaea,200,50,245.33333,59.56,0,0,0,0,26.285714285714,368,30.666666666667,2,5.5066856321,4.1036346091,7.0710678119,0,3
08NEI,CasSyl&TreMic,Hetero.diff,16,Casearia_sylvestris,200,20,146.66667,42.89,100,8.3333333333333,0,0,1,2,0.1666666666667,2,4.9949574816,3.7816865037,4.472135955,2.2335922215,3
08NEI,CasSyl&TreMic,Hetero.diff,16,Trema_micrantha,200,20,374.33333,64.165,478.75,39.895833333333,9,0.75,40.375,646,53.833333333333,2,5.9278145199,4.176922515,4.472135955,3.7110281834,3
08NEI,CelIgu,Intra,3,Celtis_iguanaea,50,10,412.33333,55.7925,250,10.416666666667,0,0,17.071428571429,239,9.9583333333333,1,6.0242543699,4.0394042748,3.1622776602,2.435074276,1
08NEI,CelIgu&TreMic,Hetero.same,2,Celtis_iguanaea,50,10,143.66667,21.3275,0,0,0,0,0,0,0,2,4.9744322457,3.1058191026,3.1622776602,0,2
08NEI,CelIgu&TreMic,Hetero.same,2,Trema_micrantha,50,10,483.66667,73.35,355.29411764706,29.607843137255,15,1.25,16.315789473684,310,25.833333333333,2,6.1834613695,4.3087836729,3.1622776602,3.4212562878,2
08NEI,TreMic,Intra,21,Trema_micrantha,50,20,392.33333,44.7475,524.28571428571,21.845238095238,10,0.4166666666667,12.842105263158,244,10.166666666667,1,5.9746574287,3.8231371454,4.472135955,3.1287426972,1
09DITO,AcnArb,Intra,9,Acnistus_arborescens,50,10,256.33333,86.645,340,14.166666666667,6,0.25,5.25,63,2.625,1,5.5503722612,4.4732945647,3.1622776602,2.7191000373,1
09DITO,AcnArb&CapBac,Hetero.same,7,Acnistus_arborescens,50,50,322,114.59,214.66666666667,17.888888888889,5,0.4166666666667,15.222222222222,137,11.416666666667,2,5.7776523232,4.7500494473,7.0710678119,2.9385738597,2
09DITO,AcnArb&CapBac,Hetero.same,7,Capsicum_baccatum,50,50,136,32.185,409.28571428571,34.107142857143,3,0.25,8.625,69,5.75,2,4.9199809258,3.5020979666,7.0710678119,3.55840461,2
09DITO,AcnArb&CasDec,Hetero.diff,22,Acnistus_arborescens,200,10,357,117.44,300,25,5,0.4166666666667,13.142857142857,184,15.333333333333,2,5.8805329864,4.7744065032,3.1622776602,3.258096538,3
09DITO,AcnArb&CasSyl,Hetero.diff,12,Acnistus_arborescens,200,30,250.33333,77.9525,148.57142857143,12.380952380952,9,0.75,6,66,5.5,2,5.5267800792,4.3688464058,5.4772255751,2.5938322316,3
09DITO,AcnArb&CasSyl,Hetero.diff,12,Casearia_sylvestris,200,30,105,24.19,0,0,1,0.0833333333333,0,0,0,2,4.6634390941,3.2264470904,5.4772255751,0,3
09DITO,AcnArb&CelIgu,Hetero.diff,21,Acnistus_arborescens,200,10,322.66667,151.5075,343.33333333333,28.611111111111,6,0.5,22.8125,365,30.416666666667,2,5.7797141797,5.0272137752,3.1622776602,3.3881496663,3
09DITO,AcnArb&CelIgu,Hetero.diff,21,Celtis_iguanaea,200,10,141.66667,17.75,0,0,0,0,0,0,0,2,4.9605109071,2.9311937524,3.1622776602,0,3
09DITO,AcnArb&TreMic,Hetero.diff,13,Acnistus_arborescens,200,55,178,75.45,90,7.5,5,0.4166666666667,2.3333333333333,28,2.3333333333333,2,5.1873858058,4.3366369324,7.4161984871,2.1400661635,3
09DITO,AcnArb&TreMic,Hetero.diff,13,Trema_micrantha,200,55,172.33333,32.14,118.57142857143,9.8809523809524,1,0.0833333333333,5.25,21,1.75,2,5.1552165227,3.500741012,7.4161984871,2.3870137726,3
09DITO,All,Hetero.All,14,Acnistus_arborescens,50,60,214,111.0375,135,33.75,4,1,5.4,27,6.75,6,5.3706380281,4.7188336367,7.7459666924,3.548179572,6
09DITO,All,Hetero.All,14,Capsicum_baccatum,50,60,120.66667,52.5625,204.64285714286,51.160714285714,5,1.25,12.8,128,32,6,4.8012850652,3.9808491964,7.7459666924,3.9543296117,6
09DITO,All,Hetero.All,14,Casearia_sylvestris,50,60,114.33333,39.4175,200,50,0,0,0,0,0,6,4.7478264861,3.6992628595,7.7459666924,3.9318256327,6
09DITO,All,Hetero.All,14,Celtis_iguanaea,50,60,89.333333,30.646667,0,0,0,0,0,0,0,6,4.5035065322,3.4546328245,7.7459666924,0,6
09DITO,All,Hetero.All,14,Trema_micrantha,50,60,168.66667,35.7725,204.28571428571,51.071428571429,2,0.5,14.333333333333,86,21.5,6,5.1338357281,3.6047502832,7.7459666924,3.9526164024,6
09DITO,CapBac,Intra,20,Capsicum_baccatum,50,5,165.33333,41.01,1483.5714285714,61.815476190476,13,0.5416666666667,57.352941176471,975,40.625,1,5.1139938069,3.7379076852,2.2360679775,4.1402014793,1
09DITO,CapBac&CasDec,Hetero.diff,6,Capsicum_baccatum,200,70,126.66667,37.515,427.16666666667,35.597222222222,10,0.8333333333333,28.071428571429,393,32.75,2,4.8494227008,3.6510477758,8.3666002653,3.599972342,3
09DITO,CapBac&CasSyl,Hetero.diff,10,Capsicum_baccatum,200,50,154.33333,43.1675,284.61538461539,23.717948717949,6,0.5,17.6875,283,23.583333333333,2,5.0455733452,3.7879892245,7.0710678119,3.2075296485,3
09DITO,CapBac&CasSyl,Hetero.diff,10,Casearia_sylvestris,200,50,112,40.2825,123.33333333333,10.277777777778,0,0,5,10,0.8333333333333,2,4.7273878187,3.7204386814,7.0710678119,2.4228342211,3
09DITO,CapBac&CelIgu,Hetero.diff,4,Capsicum_baccatum,200,60,127,43.7075,563.21428571429,46.934523809524,10,0.8333333333333,16.384615384615,213,17.75,2,4.8520302639,3.8001412728,7.7459666924,3.8698359924,3
09DITO,CapBac&CelIgu,Hetero.diff,4,Celtis_iguanaea,200,60,95.666667,14.485,0,0,0,0,0,0,0,2,4.5712686343,2.7398718134,7.7459666924,0,3
09DITO,CapBac&TreMic,Hetero.diff,8,Capsicum_baccatum,200,15,130.33333,25.2725,189.58333333333,15.798611111111,3,0.25,17.416666666667,209,17.416666666667,2,4.8777386204,3.2685227648,3.8729833462,2.821296211,3
09DITO,CapBac&TreMic,Hetero.diff,8,Trema_micrantha,200,15,274.33333,48.8675,355.71428571429,29.642857142857,10,0.8333333333333,12.2,122,10.166666666667,2,5.6179824847,3.909369488,3.8729833462,3.4223995893,3
09DITO,CasDec&CasSyl,Hetero.same,16,Casearia_sylvestris,50,85,121,39.2875,250,20.833333333333,0,0,1.6363636363636,18,1.5,2,4.8040210447,3.6960412471,9.2195444573,3.083437854,2
09DITO,CasDec&CelIgu,Hetero.diff,11,Celtis_iguanaea,200,90,96.333333,15.1825,0,0,0,0,0,0,0,2,4.5781415136,2.7839304114,9.4868329805,0,3
09DITO,CasDec&TreMic,Hetero.diff,5,Trema_micrantha,200,60,311.33333,35.795,255,21.25,4,0.3333333333333,11.666666666667,140,11.666666666667,2,5.7440709935,3.6053619664,7.7459666924,3.1023420086,3
09DITO,CasSyl,Intra,1,Casearia_sylvestris,50,40,127.66667,39.4975,0,0,0,0,1.6,16,0.6666666666667,1,4.8572250811,3.7012402438,6.3245553203,0,1
09DITO,CasSyl&CelIgu,Hetero.diff,23,Casearia_sylvestris,200,20,136.66667,39.73,80,6.6666666666667,2,0.1666666666667,2.5,25,2.0833333333333,2,4.9248353045,3.7069649217,4.472135955,2.0368819273,3
09DITO,CasSyl&CelIgu,Hetero.diff,23,Celtis_iguanaea,200,20,258.33333,81.82,100,8.3333333333333,0,0,0,0,0,2,5.5581142354,4.4166695781,4.472135955,2.2335922215,3
09DITO,CasSyl&TreMic,Hetero.diff,17,Casearia_sylvestris,200,35,131.66667,32.4,100,8.3333333333333,0,0,0,0,0,2,4.8878397169,3.5085559,5.9160797831,2.2335922215,3
09DITO,CasSyl&TreMic,Hetero.diff,17,Trema_micrantha,200,35,337.33333,99.99,1107.6923076923,92.307692307692,14,1.1666666666667,7.3846153846154,96,8,2,5.8240316027,4.615021502,5.9160797831,4.5359025515,3
09DITO,CelIgu,Intra,2,Celtis_iguanaea,50,40,103.66667,21.775,0,0,0,0,2.8888888888889,26,1.0833333333333,1,4.6507806976,3.1256634431,6.3245553203,0,1
09DITO,CelIgu&TreMic,Hetero.same,18,Celtis_iguanaea,50,5,115.66667,18.9325,0,0,0,0,0,0,0,2,4.7593208661,2.9923515654,2.2360679775,0,2
09DITO,CelIgu&TreMic,Hetero.same,18,Trema_micrantha,50,5,366.66667,52.645,499.44444444444,41.62037037037,11,0.9166666666667,4.7142857142857,66,5.5,2,5.9071767307,3.9823882681,2.2360679775,3.7523323167,2
09DITO,TreMic,Intra,19,Trema_micrantha,50,5,419.33333,38.6025,997.22222222222,41.550925925926,22,0.9166666666667,21.352941176471,363,15.125,1,6.0410480472,3.6788922476,2.2360679775,3.7507016157,1
10JG,AcnArb,Intra,13,Acnistus_arborescens,50,10,172.66667,119.8625,1438,59.916666666667,6,0.25,8.2857142857143,116,4.8333333333333,1,5.1571377533,4.7946535358,3.1622776602,4.10950681,1
10JG,AcnArb&CapBac,Hetero.same,4,Acnistus_arborescens,50,25,225,97.67,101.75,8.4791666666667,7,0.5833333333333,12.333333333333,74,6.1666666666667,2,5.4205349993,4.5917809489,5,2.249096408,2
10JG,AcnArb&CapBac,Hetero.same,4,Capsicum_baccatum,50,25,133,35.6775,701.07142857143,58.422619047619,5,0.4166666666667,15.888888888889,143,11.916666666667,2,4.8978398,3.602163488,5,4.0846749459,2
10JG,AcnArb&CasDec,Hetero.diff,23,Acnistus_arborescens,200,10,302,131.4,153.33333333333,12.777777777778,1,0.0833333333333,3.6363636363636,40,3.3333333333333,2,5.7137328055,4.8858276435,3.1622776602,2.6230569883,3
10JG,AcnArb&CasSyl,Hetero.diff,15,Acnistus_arborescens,200,50,273.33333,134.4075,1216.1428571429,101.34523809524,16,1.3333333333333,10.866666666667,163,13.583333333333,2,5.6143439119,4.9082887504,7.0710678119,4.6283517853,3
10JG,AcnArb&CasSyl,Hetero.diff,15,Casearia_sylvestris,200,50,111.33333,29.925,55,4.5833333333333,0,0,0,0,0,2,4.7214706414,3.4315649183,7.0710678119,1.7197859696,3
10JG,AcnArb&CelIgu,Hetero.diff,11,Acnistus_arborescens,200,35,206,118.08,104,8.6666666666667,1,0.0833333333333,11.916666666667,143,11.916666666667,2,5.3327187933,4.7797955361,5.9160797831,2.2686835413,3
10JG,AcnArb&CelIgu,Hetero.diff,11,Celtis_iguanaea,200,35,114,21.625,0,0,0,0,0,0,0,2,4.7449321284,3.1190554896,5.9160797831,0,3
10JG,AcnArb&TreMic,Hetero.diff,2,Acnistus_arborescens,200,30,165,86.14,100,8.3333333333333,1,0.0833333333333,0,0,0,2,5.1119877884,4.4675160207,5.4772255751,2.2335922215,3
10JG,AcnArb&TreMic,Hetero.diff,2,Trema_micrantha,200,30,266.33333,56.98,564.61538461539,47.051282051282,16,1.3333333333333,4.875,78,6.5,2,5.5884963191,4.0600981235,5.4772255751,3.8722688167,3
10JG,All,Hetero.All,14,Acnistus_arborescens,50,20,236.66667,100.17667,268.33333333333,67.083333333333,6,1.5,21,126,31.5,6,5.4708691319,4.6168681637,4.472135955,4.2207324451,6
10JG,All,Hetero.All,14,Capsicum_baccatum,50,20,138.66667,64.0075,213.33333333333,53.333333333333,1,0.25,12.333333333333,148,37,6,4.9392586315,4.1745026479,4.472135955,3.9951379121,6
10JG,All,Hetero.All,14,Casearia_sylvestris,50,20,117,28.546667,60,15,0,0,1,1,0.25,6,4.7706846245,3.3859709343,4.472135955,2.7725887222,6
10JG,All,Hetero.All,14,Celtis_iguanaea,50,20,98.333333,38.223333,0,0,0,0,0,0,0,6,4.5984811978,3.6692718078,4.472135955,0,6
10JG,All,Hetero.All,14,Trema_micrantha,50,20,359.33333,74.46,727.27272727273,181.81818181818,12,3,17.333333333333,208,52,6,5.8870295289,4.3236027145,4.472135955,5.208492117,6
10JG,CapBac,Intra,6,Capsicum_baccatum,50,90,112.33333,49.265,940.71428571429,39.196428571429,7,0.2916666666667,50.733333333333,761,31.708333333333,1,4.7303333286,3.9173090099,9.4868329805,3.6937781502,1
10JG,CapBac&CasDec,Hetero.diff,5,Capsicum_baccatum,200,80,116,33.8025,212,17.666666666667,4,0.3333333333333,20.666666666667,310,25.833333333333,2,4.7621739348,3.5496892233,8.94427191,2.9267394021,3
10JG,CapBac&CasSyl,Hetero.diff,9,Capsicum_baccatum,200,20,140.66667,82.02,1000,83.333333333333,8,0.6666666666667,62.944444444444,1133,94.416666666667,2,4.9534768805,4.4190815426,4.472135955,4.4347772001,3
10JG,CapBac&CasSyl,Hetero.diff,9,Casearia_sylvestris,200,20,103,22.04,60,5,0,0,0,0,0,2,4.6443908991,3.1372318358,4.472135955,1.7917594692,3
10JG,CapBac&CelIgu,Hetero.diff,22,Capsicum_baccatum,200,10,149.66667,44.775,719.5,59.958333333333,5,0.4166666666667,51.928571428571,727,60.583333333333,2,5.0150698914,3.8237380906,3.1622776602,4.1101905707,3
10JG,CapBac&CelIgu,Hetero.diff,22,Celtis_iguanaea,200,10,99.666667,32.84,0,0,0,0,0,0,0,2,4.6118147287,3.5216435347,3.1622776602,0,3
10JG,CapBac&TreMic,Hetero.diff,7,Capsicum_baccatum,200,60,110.66667,29.355,265.5,22.125,18,1.5,13.5,135,11.25,2,4.7155182435,3.4129612486,7.7459666924,3.1409142834,3
10JG,CapBac&TreMic,Hetero.diff,7,Trema_micrantha,200,60,254,79.1075,795.83333333333,66.319444444444,8,0.6666666666667,14.818181818182,163,13.583333333333,2,5.5412635452,4.3833694826,7.7459666924,4.2094491168,3
10JG,CasDec&CasSyl,Hetero.same,19,Casearia_sylvestris,50,60,117,35.1875,80,6.6666666666667,0,0,10.357142857143,145,12.083333333333,2,4.7706846245,3.5887137553,7.7459666924,2.0368819273,2
10JG,CasDec&CelIgu,Hetero.diff,16,Celtis_iguanaea,200,60,104.33333,38.2425,0,0,0,0,213.33333333333,640,53.333333333333,2,4.6571299246,3.6697603432,7.7459666924,0,3
10JG,CasDec&TreMic,Hetero.diff,12,Trema_micrantha,200,25,246.66667,90,862.22222222222,71.851851851852,12,1,10.722222222222,193,16.083333333333,2,5.5120837562,4.5108595065,5,4.2884279524,3
10JG,CasSyl,Intra,21,Casearia_sylvestris,50,30,115.66667,56.4975,142.5,5.9375,1,0.0416666666667,8.5384615384615,111,4.625,1,4.7593208661,4.0517414686,5.4772255751,1.9369414791,1
10JG,CasSyl&CelIgu,Hetero.diff,1,Casearia_sylvestris,200,30,126.66667,52.03,180,15,0,0,1.5454545454546,17,1.4166666666667,2,4.8494227008,3.9708577911,5.4772255751,2.7725887222,3
10JG,CasSyl&CelIgu,Hetero.diff,1,Celtis_iguanaea,200,30,114.66667,67.9425,125,10.416666666667,0,0,23,23,1.9166666666667,2,4.7507124916,4.2332728238,5.4772255751,2.435074276,3
10JG,CasSyl&TreMic,Hetero.diff,20,Casearia_sylvestris,200,5,101.33333,37.845,0,0,0,0,0,0,0,2,4.6282354586,3.6595793684,2.2360679775,0,3
10JG,CasSyl&TreMic,Hetero.diff,20,Trema_micrantha,200,5,345,77.6475,547.69230769231,45.641025641026,12,1,19.761904761905,415,34.583333333333,2,5.8464387751,4.3649758426,2.2360679775,3.8424805324,3
10JG,CelIgu,Intra,8,Celtis_iguanaea,50,30,103.66667,59.945,127.5,5.3125,0,0,19.076923076923,248,10.333333333333,1,4.6507806976,4.1099718181,5.4772255751,1.8425317946,1
10JG,CelIgu&TreMic,Hetero.same,10,Celtis_iguanaea,50,10,117.33333,32.235,0,0,0,0,0,0,0,2,4.7735055005,3.5036035375,3.1622776602,0,2
10JG,CelIgu&TreMic,Hetero.same,10,Trema_micrantha,50,10,337.66667,66.07,746.92307692308,62.24358974359,8,0.6666666666667,20.6875,331,27.583333333333,2,5.8250163396,4.2057368501,3.1622776602,4.1469937745,2
10JG,TreMic,Intra,18,Trema_micrantha,50,40,209.66667,49.5375,424.66666666667,17.694444444444,9,0.375,26.777777777778,482,20.083333333333,1,5.3502771056,3.922715635,6.3245553203,2.9282263912,1
