Site,Treatment,Treat2,Plot,plant_sp,N Rows,Grass,Height.avg,Diameter,Fruit.number,Fruit.per.ind,Visits,Visits.per.ind,n.seeds_avg,sum.seeds,seeds.per.ind,Div_treat,logHeight,LogDiam,root_grass,log_fruit_percapita
01JM1,AcnArb,Intra,11,Acnistus_arborescens,4,5,232.6666667,97.23,290,12.08333333,6,0.25,12.57894737,239,9.958333333,1,5.453895599,4.587311668,2.236067977,2.571339156
01JM1,AcnArb&CapBac,Hetero.same,17,Acnistus_arborescens,4,25,364.6666667,148.62,627,52.25,14,1.166666667,11.90909091,131,10.91666667,2,5.901722172,5.008098746,5,3.974997805
01JM1,AcnArb&CapBac,Hetero.same,17,Capsicum_baccatum,0,25,123,0,255.7142857,21.30952381,1,0.083333333,23.42857143,164,13.66666667,2,4.820281566,0,5,3.105013664
01JM1,AcnArb&CasDec,Hetero.diff,5,Acnistus_arborescens,4,10,209.6666667,81.82,230.7142857,19.22619048,11,0.916666667,24.70588235,420,35,2,5.350277106,4.416669578,3.16227766,3.006978323
01JM1,AcnArb&CasSyl,Hetero.diff,19,Acnistus_arborescens,4,25,294.6666667,146,558.25,46.52083333,8,0.666666667,23.15789474,440,36.66666667,2,5.689232694,4.990432587,5,3.861168211
01JM1,AcnArb&CasSyl,Hetero.diff,19,Casearia_sylvestris,4,25,112.6666667,30.8175,60,5,0,0,0,0,0,2,4.733270189,3.460016453,5,1.791759469
01JM1,AcnArb&CelIgu,Hetero.diff,22,Acnistus_arborescens,4,10,304,120.5025,243.75,20.3125,4,0.333333333,12.8125,205,17.08333333,2,5.720311777,4.799934839,3.16227766,3.059293755
01JM1,AcnArb&CelIgu,Hetero.diff,22,Celtis_iguanaea,4,10,255,53.01,0,0,0,0,0,0,0,2,5.545177444,3.989169215,3.16227766,0
01JM1,AcnArb&TreMic,Hetero.diff,15,Acnistus_arborescens,3,2,368,114.76,216.6666667,18.05555556,0,0,1.5,3,0.25,2,5.910796644,4.751519082,1.414213562,2.947358689
01JM1,AcnArb&TreMic,Hetero.diff,15,Trema_micrantha,4,2,463.3333333,72.6325,1394.444444,116.2037037,26,2.166666667,32.42105263,616,51.33333333,2,6.140602685,4.299086504,1.414213562,4.763913478
01JM1,All,Hetero.All,12,Acnistus_arborescens,4,10,260.6666667,135.33,153.75,38.4375,5,1.25,22.875,183,45.75,6,5.567071429,4.915078417,3.16227766,3.67471714
01JM1,All,Hetero.All,12,Capsicum_baccatum,4,10,137.3333333,26.9225,106.1538462,26.53846154,0,0,23.88888889,215,53.75,6,4.929666231,3.329432815,3.16227766,3.315583629
01JM1,All,Hetero.All,12,Casearia_sylvestris,4,10,87.33333333,31.9225,0,0,0,0,0,0,0,6,4.481117537,3.494156315,3.16227766,0
01JM1,All,Hetero.All,12,Celtis_iguanaea,3,10,126.6666667,46.65666667,0,0,0,0,0,0,0,6,4.849422701,3.864022529,3.16227766,0
01JM1,All,Hetero.All,12,Trema_micrantha,3,10,188.3333333,53.16333333,232.8571429,58.21428571,2,0.5,19.2,96,24,6,5.24350913,3.992004173,3.16227766,4.081162826
01JM1,CapBac,Intra,9,Capsicum_baccatum,3,5,172.6666667,43.14666667,651.4705882,27.14460784,14,0.583333333,54.94736842,1044,43.5,1,5.157137753,3.787517424,2.236067977,3.337355785
01JM1,CapBac&CasDec,Hetero.diff,20,Capsicum_baccatum,4,15,155,57.4025,560,46.66666667,5,0.416666667,55.82352941,949,79.08333333,2,5.049856007,4.067358697,3.872983346,3.864232342
01JM1,CapBac&CasSyl,Hetero.diff,21,Capsicum_baccatum,4,10,164.3333333,45.62,432.1428571,36.01190476,8,0.666666667,37,555,46.25,2,5.107963638,3.842029634,3.16227766,3.611239611
01JM1,CapBac&CasSyl,Hetero.diff,21,Casearia_sylvestris,4,10,115,24.2525,50,4.166666667,0,0,0,0,0,2,4.753590191,3.228925161,3.16227766,1.642227735
01JM1,CapBac&CelIgu,Hetero.diff,10,Capsicum_baccatum,4,10,145,40.785,308.5714286,25.71428571,6,0.5,37.125,594,49.5,2,4.983606622,3.732537423,3.16227766,3.285198468
01JM1,CapBac&CelIgu,Hetero.diff,10,Celtis_iguanaea,4,10,221.6666667,48.7775,0,0,0,0,0,0,0,2,5.405675885,3.907563075,3.16227766,0
01JM1,CapBac&TreMic,Hetero.diff,3,Capsicum_baccatum,4,30,90.33333333,27.1725,218.2727273,18.18939394,7,0.583333333,63.875,511,42.58333333,2,4.514515818,3.338346325,5.477225575,2.954357727
01JM1,CapBac&TreMic,Hetero.diff,3,Trema_micrantha,3,30,175,114.58,200,16.66666667,7,0.583333333,24.625,197,16.41666667,2,5.170483995,4.749962931,5.477225575,2.871679625
01JM1,CasDec&CasSyl,Hetero.same,6,Casearia_sylvestris,4,20,147.6666667,68.9875,850,70.83333333,3,0.25,19.25,308,25.66666667,2,5.001706664,4.248316655,4.472135955,4.274348621
01JM1,CasDec&CelIgu,Hetero.diff,2,Celtis_iguanaea,4,1,350.3333333,73.035,60,5,0,0,5.666666667,17,1.416666667,2,5.86173544,4.304537954,1,1.791759469
01JM1,CasDec&TreMic,Hetero.diff,8,Trema_micrantha,4,0,493.3333333,61.2,760,63.33333333,18,1.5,36.66666667,770,64.16666667,2,6.203210053,4.130355,0,4.1640779
01JM1,CasSyl,Intra,7,Casearia_sylvestris,4,52,125,43.805,1150,47.91666667,2,0.083333333,27.66666667,415,17.29166667,1,4.836281907,3.80231974,7.211102551,3.89011817
01JM1,CasSyl&CelIgu,Hetero.diff,13,Casearia_sylvestris,4,15,120,41.0325,0,0,0,0,10.6,159,13.25,2,4.795790546,3.738443129,3.872983346,0
01JM1,CasSyl&CelIgu,Hetero.diff,13,Celtis_iguanaea,4,15,293.3333333,84.4025,40,3.333333333,0,0,0,0,0,2,5.684712912,4.447375374,3.872983346,1.466337069
01JM1,CasSyl&TreMic,Hetero.diff,1,Casearia_sylvestris,4,1,130,53.235,0,0,0,0,0,0,0,2,4.875197323,3.993326456,1,0
01JM1,CasSyl&TreMic,Hetero.diff,1,Trema_micrantha,4,1,487.6666667,75.9575,511.8181818,42.65151515,7,0.583333333,8.789473684,167,13.91666667,2,6.191680594,4.343253321,1,3.776237993
01JM1,CelIgu,Intra,16,Celtis_iguanaea,4,20,441,45.625,283.3333333,11.80555556,0,0,23.625,378,15.75,1,6.091309882,3.842136878,4.472135955,2.549879105
01JM1,CelIgu&TreMic,Hetero.same,14,Celtis_iguanaea,4,2,181,39.9625,0,0,0,0,0,0,0,2,5.204006687,3.712657014,1.414213562,0
01JM1,CelIgu&TreMic,Hetero.same,14,Trema_micrantha,4,2,481.6666667,84.67,992.3529412,82.69607843,16,1.333333333,16.94117647,288,24,2,6.179326284,4.450502706,1.414213562,4.427192124
01JM1,TreMic,Intra,23,Trema_micrantha,4,1,484.3333333,52.92,855,35.625,13,0.541666667,25.65,513,21.375,1,6.18483594,3.987501467,1,3.600731067
02JM2,AcnArb,Intra,6,Acnistus_arborescens,4,30,229.3333333,84.66,325,13.54166667,7,0.291666667,15.4,231,9.625,1,5.439527535,4.450385972,5.477225575,2.677018092
02JM2,AcnArb&CapBac,Hetero.same,18,Acnistus_arborescens,4,15,348.6666667,132.26,262.1428571,21.8452381,6,0.5,13.61538462,177,14.75,2,5.85698032,4.892302107,3.872983346,3.128742697
02JM2,AcnArb&CapBac,Hetero.same,18,Capsicum_baccatum,4,15,117.3333333,35.14,214,17.83333333,3,0.25,30,240,20,2,4.773505501,3.587400285,3.872983346,2.935628349
02JM2,AcnArb&CasDec,Hetero.diff,17,Acnistus_arborescens,4,30,285,100.2625,226.875,18.90625,5,0.416666667,32.53846154,423,35.25,2,5.655991811,4.617716155,5.477225575,2.991033753
02JM2,AcnArb&CasSyl,Hetero.diff,19,Acnistus_arborescens,4,15,280.6666667,88.605,199.1111111,16.59259259,8,0.666666667,22.375,358,29.83333333,2,5.640724339,4.495411122,3.872983346,2.867477938
02JM2,AcnArb&CasSyl,Hetero.diff,19,Casearia_sylvestris,4,15,134.6666667,31.9325,100,8.333333333,0,0,44,44,3.666666667,2,4.910200897,3.494460012,3.872983346,2.233592222
02JM2,AcnArb&CelIgu,Hetero.diff,8,Acnistus_arborescens,4,45,291.6666667,87.4725,182.2222222,15.18518519,6,0.5,2.882352941,49,4.083333333,2,5.679034305,4.482691769,6.708203932,2.784096329
02JM2,AcnArb&CelIgu,Hetero.diff,8,Celtis_iguanaea,4,45,121.3333333,39.46,0,0,0,0,0,0,0,2,4.806749559,3.700313832,6.708203932,0
02JM2,AcnArb&TreMic,Hetero.diff,13,Acnistus_arborescens,4,2,226.6666667,84.2125,143.3333333,11.94444444,2,0.166666667,17,51,4.25,2,5.427882571,4.445148137,1.414213562,2.560666696
02JM2,AcnArb&TreMic,Hetero.diff,13,Trema_micrantha,4,2,435,56.68,498,41.5,14,1.166666667,6.923076923,90,7.5,2,6.077642243,4.054910493,1.414213562,3.749504076
02JM2,All,Hetero.All,2,Acnistus_arborescens,4,5,282,187.0575,198.75,49.6875,4,1,17.85714286,125,31.25,6,5.645446898,5.236747767,2.236067977,3.925679332
02JM2,All,Hetero.All,2,Capsicum_baccatum,4,5,125,38.79,283.6363636,70.90909091,0,0,48.71428571,341,85.25,6,4.836281907,3.683615624,2.236067977,4.275402695
02JM2,All,Hetero.All,2,Casearia_sylvestris,4,5,112,36.845,115,28.75,0,0,0,0,0,6,4.727387819,3.633498871,2.236067977,3.392829132
02JM2,All,Hetero.All,2,Celtis_iguanaea,4,5,147.3333333,56.8225,0,0,0,0,0,0,0,6,4.999461993,4.057377973,2.236067977,0
02JM2,All,Hetero.All,2,Trema_micrantha,0,5,227,0,305,76.25,6,1.5,10.8,54,13.5,6,5.429345629,0,2.236067977,4.347046916
02JM2,CapBac,Intra,7,Capsicum_baccatum,4,2,169.3333333,39.205,595,24.79166667,11,0.458333333,23.42857143,328,13.66666667,1,5.137757301,3.693991366,1.414213562,3.250051442
02JM2,CapBac&CasDec,Hetero.diff,10,Capsicum_baccatum,4,10,159.6666667,44.3225,373.0769231,31.08974359,4,0.333333333,25.5625,409,34.08333333,2,5.079331826,3.813803598,3.16227766,3.468536465
02JM2,CapBac&CasSyl,Hetero.diff,22,Capsicum_baccatum,4,15,138,40.42,471.4166667,39.28472222,4,0.333333333,20.07142857,281,23.41666667,2,4.934473933,3.723763856,3.872983346,3.695972296
02JM2,CapBac&CasSyl,Hetero.diff,22,Casearia_sylvestris,4,15,166.6666667,47.425,320,26.66666667,0,0,2,4,0.333333333,2,5.121977882,3.880016209,3.872983346,3.320228319
02JM2,CapBac&CelIgu,Hetero.diff,5,Capsicum_baccatum,4,15,124,39.205,420,35,6,0.5,76.83333333,1383,115.25,2,4.828313737,3.693991366,3.872983346,3.583518938
02JM2,CapBac&CelIgu,Hetero.diff,5,Celtis_iguanaea,4,15,163.6666667,31.2075,20,1.666666667,0,0,0,0,0,2,5.103923229,3.472199345,3.872983346,0.980829253
02JM2,CapBac&TreMic,Hetero.diff,3,Capsicum_baccatum,4,5,125.3333333,27.86,285.7333333,23.81111111,0,0,22.23529412,378,31.5,2,4.838923916,3.362456553,2.236067977,3.211291582
02JM2,CapBac&TreMic,Hetero.diff,3,Trema_micrantha,4,5,322,67.81,444.1666667,37.01388889,13,1.083333333,25.64285714,359,29.91666667,2,5.777652323,4.231349083,2.236067977,3.63795159
02JM2,CasDec&CasSyl,Hetero.same,14,Casearia_sylvestris,4,40,145.3333333,61.315,500,41.66666667,1,0.083333333,15.92857143,223,18.58333333,2,4.985887124,4.132202167,6.32455532,3.753417975
02JM2,CasDec&CelIgu,Hetero.diff,12,Celtis_iguanaea,4,30,234.6666667,54.2525,50,4.166666667,1,0.083333333,1,2,0.166666667,2,5.462418377,4.011913588,5.477225575,1.642227735
02JM2,CasDec&TreMic,Hetero.diff,15,Trema_micrantha,4,3,409.6666667,61.8975,352,29.33333333,9,0.75,17.8125,285,23.75,2,6.017781856,4.141506417,1.732050808,3.412247218
02JM2,CasSyl,Intra,16,Casearia_sylvestris,4,15,167,51.3525,900,37.5,2,0.083333333,9.533333333,143,5.958333333,1,5.123963979,3.957999692,3.872983346,3.650658241
02JM2,CasSyl&CelIgu,Hetero.diff,4,Casearia_sylvestris,4,10,129,32.7575,188,15.66666667,0,0,17.14285714,240,20,2,4.86753445,3.519202615,3.16227766,2.813410717
02JM2,CasSyl&CelIgu,Hetero.diff,4,Celtis_iguanaea,4,10,225,47.8125,40,3.333333333,0,0,0,0,0,2,5.420534999,3.887986428,3.16227766,1.466337069
02JM2,CasSyl&TreMic,Hetero.diff,20,Casearia_sylvestris,4,1,84,24.4925,200,16.66666667,0,0,18,18,1.5,2,4.442651256,3.238384291,1,2.871679625
02JM2,CasSyl&TreMic,Hetero.diff,20,Trema_micrantha,4,1,391.3333333,73.2425,516.4285714,43.03571429,9,0.75,26.29411765,447,37.25,2,5.972111819,4.307336762,1,3.785000993
02JM2,CelIgu,Intra,11,Celtis_iguanaea,4,30,245.6666667,43.9225,80,3.333333333,0,0,2,24,1,1,5.508037898,3.804938783,5.477225575,1.466337069
02JM2,CelIgu&TreMic,Hetero.same,21,Celtis_iguanaea,4,10,188.3333333,19.5975,0,0,0,0,0,0,0,2,5.24350913,3.025169709,3.16227766,0
02JM2,CelIgu&TreMic,Hetero.same,21,Trema_micrantha,4,10,326.6666667,72.97,411.6666667,34.30555556,9,0.75,46.85,937,78.08333333,2,5.791996832,4.303659606,3.16227766,3.564040333
02JM2,TreMic,Intra,9,Trema_micrantha,8,10,351.3333333,36.00375,380.5555556,15.85648148,20,0.833333333,18.36842105,349,14.54166667,1,5.864577697,3.611019259,3.16227766,2.82473524
03SS,AcnArb,Intra,1,Acnistus_arborescens,4,31,242,109.8475,381.25,15.88541667,6,0.25,6.538461538,85,3.541666667,1,5.493061443,4.708155383,5.567764363,2.82645033
03SS,AcnArb&CapBac,Hetero.same,19,Acnistus_arborescens,4,40,251,72.1275,140,11.66666667,1,0.083333333,10.7,107,8.916666667,2,5.529429088,4.292204493,6.32455532,2.538973871
03SS,AcnArb&CapBac,Hetero.same,19,Capsicum_baccatum,4,40,124.3333333,47.5825,412.2222222,34.35185185,2,0.166666667,22.875,183,15.25,2,4.830976854,3.883263384,6.32455532,3.565350777
03SS,AcnArb&CasDec,Hetero.diff,14,Acnistus_arborescens,4,40,243.3333333,105.325,260.4166667,21.70138889,8,0.666666667,15.5,186,15.5,2,5.498533413,4.666500441,6.32455532,3.122426107
03SS,AcnArb&CasSyl,Hetero.diff,15,Acnistus_arborescens,4,50,288.6666667,132.5775,353.75,29.47916667,8,0.666666667,1.777777778,16,1.333333333,2,5.668730837,4.894681834,7.071067812,3.41704339
03SS,AcnArb&CasSyl,Hetero.diff,15,Casearia_sylvestris,4,50,127,40.64,300,25,0,0,6,18,1.5,2,4.852030264,3.729061244,7.071067812,3.258096538
03SS,AcnArb&CelIgu,Hetero.diff,8,Acnistus_arborescens,4,20,220.6666667,117.4625,258.75,21.5625,3,0.25,15.90909091,175,14.58333333,2,5.401174752,4.774596455,4.472135955,3.116289236
03SS,AcnArb&CelIgu,Hetero.diff,8,Celtis_iguanaea,4,20,146.3333333,46.3725,0,0,0,0,0,0,0,2,4.992697593,3.858041892,4.472135955,0
03SS,AcnArb&TreMic,Hetero.diff,4,Acnistus_arborescens,4,30,206.6666667,90.41,447,37.25,2,0.166666667,3.625,29,2.416666667,2,5.33593423,4.515354882,5.477225575,3.64414356
03SS,AcnArb&TreMic,Hetero.diff,4,Trema_micrantha,1,30,242.6666667,213.54,423.5714286,35.29761905,9,0.75,7,49,4.083333333,2,5.495801171,5.368496201,5.477225575,3.591752148
03SS,All,Hetero.All,22,Acnistus_arborescens,4,10,259.3333333,145.1925,255,63.75,1,0.25,0,0,0,6,5.561962861,4.984924246,3.16227766,4.170533701
03SS,All,Hetero.All,22,Capsicum_baccatum,3,10,160,62.64333333,249.25,62.3125,4,1,15.22222222,137,34.25,6,5.081404365,4.15329458,3.16227766,4.148082782
03SS,All,Hetero.All,22,Casearia_sylvestris,3,10,110.3333333,58.46666667,57.5,14.375,0,0,0,0,0,6,4.712528704,4.085415931,3.16227766,2.732742814
03SS,All,Hetero.All,22,Celtis_iguanaea,3,10,77.33333333,15.43333333,0,0,1,0.25,0,0,0,6,4.360973225,2.799311792,3.16227766,0
03SS,All,Hetero.All,22,Trema_micrantha,3,10,254.3333333,90.52,372,93,12,3,17.27272727,190,47.5,6,5.542569881,4.516557528,3.16227766,4.543294782
03SS,CapBac,Intra,10,Capsicum_baccatum,4,10,169.6666667,39.29,1077.611111,44.90046296,15,0.625,82.1875,1315,54.79166667,1,5.139712337,3.696103299,3.16227766,3.826475203
03SS,CapBac&CasDec,Hetero.diff,7,Capsicum_baccatum,4,15,163,61.395,462,38.5,5,0.416666667,58,928,77.33333333,2,5.099866428,4.133485144,3.872983346,3.676300672
03SS,CapBac&CasSyl,Hetero.diff,12,Capsicum_baccatum,4,35,162.6666667,44.745,357.1428571,29.76190476,3,0.25,43.53846154,566,47.16666667,2,5.097831839,3.823082496,5.916079783,3.426277066
03SS,CapBac&CasSyl,Hetero.diff,12,Casearia_sylvestris,4,35,111.6666667,35.765,186.6666667,15.55555556,0,0,25,50,4.166666667,2,4.724433607,3.604546306,5.916079783,2.806721729
03SS,CapBac&CelIgu,Hetero.diff,9,Capsicum_baccatum,4,20,166,54.4325,535.6666667,44.63888889,6,0.5,57.625,922,76.83333333,2,5.117993812,4.015166064,4.472135955,3.82076018
03SS,CapBac&CelIgu,Hetero.diff,9,Celtis_iguanaea,4,20,255.6666667,32.55,90,7.5,2,0.166666667,0,0,0,2,5.547778226,3.513036863,4.472135955,2.140066163
03SS,CapBac&TreMic,Hetero.diff,6,Capsicum_baccatum,4,10,160.3333333,28.275,257.2727273,21.43939394,3,0.25,45.25,181,15.08333333,2,5.083472618,3.376733909,3.16227766,3.110818072
03SS,CapBac&TreMic,Hetero.diff,6,Trema_micrantha,4,10,326.6666667,57.355,457.8571429,38.1547619,15,1.25,34.46153846,448,37.33333333,2,5.791996832,4.066545045,3.16227766,3.667522047
03SS,CasDec&CasSyl,Hetero.same,21,Casearia_sylvestris,4,40,143.3333333,62.2225,213.3333333,17.77777778,0,0,1,8,0.666666667,2,4.972125439,4.14666025,6.32455532,2.932674138
03SS,CasDec&CelIgu,Hetero.diff,13,Celtis_iguanaea,4,60,160,47.705,0,0,0,0,0,0,0,2,5.081404365,3.885781694,7.745966692,0
03SS,CasDec&TreMic,Hetero.diff,18,Trema_micrantha,4,10,341.3333333,68.9975,458.2352941,38.18627451,11,0.916666667,1.692307692,22,1.833333333,2,5.835784921,4.248459527,3.16227766,3.668326545
03SS,CasSyl,Intra,2,Casearia_sylvestris,4,70,126.6666667,47.635,300,12.5,0,0,6.9,69,2.875,1,4.849422701,3.884343436,8.366600265,2.602689685
03SS,CasSyl&CelIgu,Hetero.diff,17,Casearia_sylvestris,4,10,129.6666667,38.66,100,8.333333333,0,0,3.25,26,2.166666667,2,4.872649551,3.680343123,3.16227766,2.233592222
03SS,CasSyl&CelIgu,Hetero.diff,17,Celtis_iguanaea,4,10,78,24.8375,0,0,0,0,30,30,2.5,2,4.369447852,3.251826925,3.16227766,0
03SS,CasSyl&TreMic,Hetero.diff,23,Casearia_sylvestris,4,5,137.3333333,50.8,80,6.666666667,0,0,0,0,0,2,4.929666231,3.947390149,2.236067977,2.036881927
03SS,CasSyl&TreMic,Hetero.diff,23,Trema_micrantha,4,5,314.3333333,65.15,714.6666667,59.55555556,10,0.833333333,10,180,15,2,5.75363028,4.191924891,2.236067977,4.103561217
03SS,CelIgu,Intra,5,Celtis_iguanaea,4,50,222.6666667,47.0925,100,4.166666667,0,0,16,160,6.666666667,1,5.410156848,3.87312624,7.071067812,1.642227735
03SS,CelIgu&TreMic,Hetero.same,16,Celtis_iguanaea,4,20,92.33333333,6.2025,0,0,0,0,0,0,0,2,4.536177314,1.974428188,4.472135955,0
03SS,CelIgu&TreMic,Hetero.same,16,Trema_micrantha,5,20,288.6666667,64.68,456,38,14,1.166666667,10.05882353,171,14.25,2,5.668730837,4.184794465,4.472135955,3.663561646
03SS,TreMic,Intra,11,Trema_micrantha,4,20,275.3333333,47.305,583.8888889,24.3287037,14,0.583333333,31.58823529,537,22.375,1,5.621607866,3.877535075,4.472135955,3.231938286
04AJ,AcnArb,Intra,8,Acnistus_arborescens,4,90,241.6666667,73.185,326.4285714,13.60119048,8,0.333333333,7,77,3.208333333,1,5.49168876,4.306561973,9.486832981,2.681103065
04AJ,AcnArb&CapBac,Hetero.same,1,Acnistus_arborescens,4,100,292.6666667,102.99,351.4285714,29.28571429,9,0.75,8.5,34,2.833333333,2,5.682445337,4.644294741,10,3.410676126
04AJ,AcnArb&CapBac,Hetero.same,1,Capsicum_baccatum,4,100,112.3333333,29.885,253.3333333,21.11111111,6,0.5,8.4,84,7,2,4.730333329,3.430270629,10,3.096080247
04AJ,AcnArb&CasDec,Hetero.diff,6,Acnistus_arborescens,4,90,214.3333333,70.0375,297.5,24.79166667,6,0.5,5.916666667,71,5.916666667,2,5.372187215,4.263207907,9.486832981,3.250051442
04AJ,AcnArb&CasSyl,Hetero.diff,14,Acnistus_arborescens,4,70,245,82.6,220,18.33333333,10,0.833333333,12.2,122,10.16666667,2,5.505331536,4.42604352,8.366600265,2.961830722
04AJ,AcnArb&CasSyl,Hetero.diff,14,Casearia_sylvestris,4,70,123,22.5425,0,0,0,0,0,0,0,2,4.820281566,3.158807298,8.366600265,0
04AJ,AcnArb&CelIgu,Hetero.diff,21,Acnistus_arborescens,4,100,236.3333333,46.855,218.5714286,18.21428571,5,0.416666667,14.88888889,134,11.16666667,2,5.469465623,3.868175606,10,2.95565405
04AJ,AcnArb&CelIgu,Hetero.diff,21,Celtis_iguanaea,4,100,94.66666667,9.1475,0,0,0,0,0,0,0,2,4.560869927,2.31722737,10,0
04AJ,AcnArb&TreMic,Hetero.diff,12,Acnistus_arborescens,4,80,289.3333333,84.88,265.2,22.1,5,0.416666667,7.8,39,3.25,2,5.671029688,4.452950973,8.94427191,3.139832618
04AJ,AcnArb&TreMic,Hetero.diff,12,Trema_micrantha,4,80,376.6666667,30.99,212.5,17.70833333,6,0.5,11.25,45,3.75,2,5.934011972,3.465423354,8.94427191,2.928969057
04AJ,All,Hetero.All,19,Acnistus_arborescens,4,70,215.3333333,101.2875,174.2857143,43.57142857,9,2.25,14.375,115,28.75,6,5.376820428,4.627787476,8.366600265,3.797093039
04AJ,All,Hetero.All,19,Capsicum_baccatum,2,70,119.6666667,43.4,211.1111111,52.77777778,2,0.5,9.5,38,9.5,6,4.793031923,3.793239469,8.366600265,3.984860329
04AJ,All,Hetero.All,19,Casearia_sylvestris,4,70,112.3333333,21.8675,0,0,0,0,0,0,0,6,4.730333329,3.129716689,8.366600265,0
04AJ,All,Hetero.All,19,Celtis_iguanaea,3,70,117.3333333,13.57,0,0,0,0,0,0,0,6,4.773505501,2.67896462,8.366600265,0
04AJ,All,Hetero.All,19,Trema_micrantha,4,70,362,29.175,265.4545455,66.36363636,7,1.75,16.5,66,16.5,6,5.894402834,3.407013767,8.366600265,4.210105352
04AJ,CapBac,Intra,22,Capsicum_baccatum,4,65,160.6666667,44.835,912,38,1,0.041666667,45,450,18.75,1,5.085536602,3.825047991,8.062257748,3.663561646
04AJ,CapBac&CasDec,Hetero.diff,23,Capsicum_baccatum,4,80,134,40.0675,459.0625,38.25520833,4,0.333333333,37.27272727,410,34.16666667,2,4.905274778,3.715217054,8.94427191,3.670084132
04AJ,CapBac&CasSyl,Hetero.diff,3,Capsicum_baccatum,1,85,133.6666667,49.12,277,23.08333333,2,0.166666667,10.44444444,94,7.833333333,2,4.90280259,3.91442013,9.219544457,3.181520038
04AJ,CapBac&CasSyl,Hetero.diff,3,Casearia_sylvestris,4,85,136.3333333,36.395,200,16.66666667,1,0.083333333,0,0,0,2,4.92241106,3.621537006,9.219544457,2.871679625
04AJ,CapBac&CelIgu,Hetero.diff,13,Capsicum_baccatum,0,90,122,0,501.6666667,41.80555556,0,0,17.1,171,14.25,2,4.812184355,0,9.486832981,3.756667897
04AJ,CapBac&CelIgu,Hetero.diff,13,Celtis_iguanaea,4,90,79.66666667,19.1775,0,0,0,0,0,0,0,2,4.390325438,3.004568122,9.486832981,0
04AJ,CapBac&TreMic,Hetero.diff,4,Capsicum_baccatum,1,80,162.3333333,23.76,385.5555556,32.12962963,5,0.416666667,21.14285714,148,12.33333333,2,5.095793102,3.209229448,8.94427191,3.500428037
04AJ,CapBac&TreMic,Hetero.diff,4,Trema_micrantha,4,80,264.3333333,31.4025,697.5,58.125,7,0.583333333,16.25,65,5.416666667,2,5.580986897,3.47823558,8.94427191,4.079653847
04AJ,CasDec&CasSyl,Hetero.same,16,Casearia_sylvestris,4,90,128.6666667,30.4725,0,0,3,0.25,8.285714286,58,4.833333333,2,4.864967055,3.449114149,9.486832981,0
04AJ,CasDec&CelIgu,Hetero.diff,9,Celtis_iguanaea,4,100,121,22.1575,0,0,0,0,80,80,6.666666667,2,4.804021045,3.142318702,10,0
04AJ,CasDec&TreMic,Hetero.diff,7,Trema_micrantha,4,95,228.6666667,49.9525,841.6666667,70.13888889,13,1.083333333,2.538461538,33,2.75,2,5.436628982,3.930893826,9.746794345,4.264634148
04AJ,CasSyl,Intra,10,Casearia_sylvestris,4,100,151.6666667,33.905,116.6666667,4.861111111,4,0.166666667,14.2,142,5.916666667,1,5.028256896,3.552630085,10,1.768339195
04AJ,CasSyl&CelIgu,Hetero.diff,11,Casearia_sylvestris,4,100,126.3333333,36.895,0,0,0,0,7,70,5.833333333,2,4.84680832,3.634819177,10,0
04AJ,CasSyl&CelIgu,Hetero.diff,11,Celtis_iguanaea,4,100,77.33333333,22.215,0,0,0,0,0,0,0,2,4.360973225,3.144798621,10,0
04AJ,CasSyl&TreMic,Hetero.diff,2,Casearia_sylvestris,4,100,97.33333333,30.3775,0,0,0,0,0,0,0,2,4.588363068,3.446091076,10,0
04AJ,CasSyl&TreMic,Hetero.diff,2,Trema_micrantha,4,100,197,32.5225,1417.142857,118.0952381,14,1.166666667,0.8125,13,1.083333333,2,5.288267031,3.512216855,10,4.779923493
04AJ,CelIgu,Intra,5,Celtis_iguanaea,4,90,97.33333333,14.4725,0,0,0,0,10.1,101,4.208333333,1,4.588363068,2.739064255,9.486832981,0
04AJ,CelIgu&TreMic,Hetero.same,17,Celtis_iguanaea,4,90,118.3333333,19.765,0,0,0,0,0,0,0,2,4.781920697,3.033268877,9.486832981,0
04AJ,CelIgu&TreMic,Hetero.same,17,Trema_micrantha,4,90,276.6666667,25.9625,273,22.75,7,0.583333333,2.333333333,28,2.333333333,2,5.626421354,3.294447012,9.486832981,3.16758253
04AJ,TreMic,Intra,18,Trema_micrantha,4,100,289.3333333,64.255,497.5,20.72916667,11,0.458333333,9.2,92,3.833333333,1,5.671029688,4.178302672,10,3.078655444
05PF1,AcnArb,Intra,1,Acnistus_arborescens,4,40,259.3333333,77.5175,942.4,39.26666667,6,0.25,32,352,14.66666667,1,5.561962861,4.36332153,6.32455532,3.695523997
05PF1,AcnArb&CapBac,Hetero.same,5,Acnistus_arborescens,4,60,274.3333333,53.43,179,14.91666667,3,0.25,11,99,8.25,2,5.617982485,3.996915472,7.745966692,2.767366778
05PF1,AcnArb&CapBac,Hetero.same,5,Capsicum_baccatum,4,60,82.66666667,20.775,170.4285714,14.20238095,1,0.083333333,7,35,2.916666667,2,4.426840651,3.080762523,7.745966692,2.721452057
05PF1,AcnArb&CasDec,Hetero.diff,15,Acnistus_arborescens,4,30,358.3333333,87.8625,265,22.08333333,2,0.166666667,30.35714286,425,35.41666667,2,5.884250463,4.487090231,5.477225575,3.139110856
05PF1,AcnArb&CasSyl,Hetero.diff,16,Acnistus_arborescens,4,60,293,105.5075,133.4,11.11666667,2,0.166666667,17.28571429,242,20.16666667,2,5.683579767,4.668215405,7.745966692,2.494581915
05PF1,AcnArb&CasSyl,Hetero.diff,16,Casearia_sylvestris,4,60,111.6666667,24.8675,80,6.666666667,0,0,0,0,0,2,4.724433607,3.252987354,7.745966692,2.036881927
05PF1,AcnArb&CelIgu,Hetero.diff,18,Acnistus_arborescens,4,40,295.3333333,63.7525,243,20.25,0,0,15.875,254,21.16666667,2,5.691484947,4.17057231,6.32455532,3.056356895
05PF1,AcnArb&CelIgu,Hetero.diff,18,Celtis_iguanaea,4,40,89.33333333,8.255,0,0,0,0,0,0,0,2,4.503506532,2.225163946,6.32455532,0
05PF1,AcnArb&TreMic,Hetero.diff,8,Acnistus_arborescens,4,15,185.3333333,62.7025,1050,87.5,2,0.166666667,7.2,36,3,2,5.227537184,4.154223808,3.872983346,4.483002552
05PF1,AcnArb&TreMic,Hetero.diff,8,Trema_micrantha,4,15,372.6666667,48.495,300,25,2,0.166666667,17.1,171,14.25,2,5.923364134,3.901871654,3.872983346,3.258096538
05PF1,All,Hetero.All,23,Acnistus_arborescens,4,20,307.6666667,103.4375,350,87.5,2,0.5,3,6,1.5,6,5.732261946,4.648588806,4.472135955,4.483002552
05PF1,All,Hetero.All,23,Capsicum_baccatum,3,20,161.6666667,48.38,164.5454545,41.13636364,0,0,20.25,162,40.5,6,5.091703117,3.899545484,4.472135955,3.740911112
05PF1,All,Hetero.All,23,Casearia_sylvestris,3,20,113.3333333,34.36666667,20,5,1,0.25,0,0,0,6,4.739118158,3.565769757,4.472135955,1.791759469
05PF1,All,Hetero.All,23,Celtis_iguanaea,4,20,112.6666667,21.9,0,0,0,0,0,0,0,6,4.733270189,3.131136911,4.472135955,0
05PF1,All,Hetero.All,23,Trema_micrantha,4,20,323.3333333,68.3975,356.9230769,89.23076923,5,1.25,13.625,109,27.25,6,5.781771793,4.239850844,4.472135955,4.502370491
05PF1,CapBac,Intra,9,Capsicum_baccatum,4,20,170,31.95,503.8461538,20.99358974,4,0.166666667,43.14285714,604,25.16666667,1,5.141663557,3.494991261,4.472135955,3.090751036
05PF1,CapBac&CasDec,Hetero.diff,3,Capsicum_baccatum,4,42,160.3333333,30.2975,176.3333333,14.69444444,7,0.583333333,19.92307692,259,21.58333333,2,5.083472618,3.443538222,6.480740698,2.753306793
05PF1,CapBac&CasSyl,Hetero.diff,17,Capsicum_baccatum,4,50,153.3333333,50.805,248.1818182,20.68181818,2,0.166666667,33.38888889,601,50.08333333,2,5.039114765,3.94748667,7.071067812,3.076474038
05PF1,CapBac&CasSyl,Hetero.diff,17,Casearia_sylvestris,4,50,134.3333333,28.3525,100,8.333333333,0,0,0,0,0,2,4.907740871,3.379377722,7.071067812,2.233592222
05PF1,CapBac&CelIgu,Hetero.diff,13,Capsicum_baccatum,4,60,153.3333333,45.2725,413.8461538,34.48717949,6,0.5,51.66666667,930,77.5,2,5.039114765,3.834547832,7.745966692,3.56917149
05PF1,CapBac&CelIgu,Hetero.diff,13,Celtis_iguanaea,4,60,68.33333333,11.9375,0,0,0,0,0,0,0,2,4.238925791,2.560130071,7.745966692,0
05PF1,CapBac&TreMic,Hetero.diff,12,Capsicum_baccatum,4,17,171.6666667,35.4675,453.5714286,37.79761905,8,0.666666667,17.33333333,260,21.66666667,2,5.151362954,3.596421453,4.123105626,3.65835888
05PF1,CapBac&TreMic,Hetero.diff,12,Trema_micrantha,4,17,275,54.1275,343.0769231,28.58974359,1,0.083333333,16.09090909,177,14.75,2,5.620400866,4.009648684,4.123105626,3.387427801
05PF1,CasDec&CasSyl,Hetero.same,6,Casearia_sylvestris,4,80,131,48.4475,0,0,0,0,3.1,31,2.583333333,2,4.882801923,3.900911501,8.94427191,0
05PF1,CasDec&CelIgu,Hetero.diff,14,Celtis_iguanaea,4,40,101.6666667,13.8275,0,0,0,0,5,5,0.416666667,2,4.631487495,2.696483565,6.32455532,0
05PF1,CasDec&TreMic,Hetero.diff,19,Trema_micrantha,4,25,302,89.31,434.6153846,36.21794872,5,0.416666667,10.05882353,171,14.25,2,5.713732806,4.503248196,5,3.616791137
05PF1,CasSyl,Intra,4,Casearia_sylvestris,4,70,91.66666667,37.39,0,0,1,0.041666667,7.222222222,65,2.708333333,1,4.529008825,3.647797009,8.366600265,0
05PF1,CasSyl&CelIgu,Hetero.diff,7,Casearia_sylvestris,4,65,126,31.34,55,4.583333333,0,0,1.636363636,18,1.5,2,4.844187086,3.476304854,8.062257748,1.71978597
05PF1,CasSyl&CelIgu,Hetero.diff,7,Celtis_iguanaea,4,65,88,18.4975,0,0,0,0,0,0,0,2,4.48863637,2.970286252,8.062257748,0
05PF1,CasSyl&TreMic,Hetero.diff,20,Casearia_sylvestris,4,20,111.6666667,44.5425,0,0,0,0,0,0,0,2,4.724433607,3.818645956,4.472135955,0
05PF1,CasSyl&TreMic,Hetero.diff,20,Trema_micrantha,4,20,347.6666667,63.7025,358.5714286,29.88095238,7,0.583333333,8.428571429,118,9.833333333,2,5.854116356,4.169799841,4.472135955,3.430139566
05PF1,CelIgu,Intra,10,Celtis_iguanaea,4,30,104.3333333,15.675,0,0,0,0,7.416666667,89,3.708333333,1,4.657129925,2.813910592,5.477225575,0
05PF1,CelIgu&TreMic,Hetero.same,11,Celtis_iguanaea,4,25,58.33333333,11.4375,0,0,0,0,0,0,0,2,4.083171262,2.520716102,5,0
05PF1,CelIgu&TreMic,Hetero.same,11,Trema_micrantha,4,25,235,48.9,407.1428571,33.92857143,7,0.583333333,16.33333333,294,24.5,2,5.463831805,3.910021003,5,3.55330516
05PF1,TreMic,Intra,2,Trema_micrantha,4,22,270.3333333,63.1,359.3333333,14.97222222,15,0.625,22.21428571,311,12.95833333,1,5.603348077,4.160444364,4.69041576,2.770851102
06PF2,AcnArb,Intra,22,Acnistus_arborescens,4,70,251,78.59,191,7.958333333,6,0.25,13.09090909,144,6,1,5.529429088,4.376888457,8.366600265,2.192584198
06PF2,AcnArb&CapBac,Hetero.same,21,Acnistus_arborescens,4,40,249.3333333,104.1775,166.25,13.85416667,6,0.5,4.571428571,32,2.666666667,2,5.522793363,4.655649399,6.32455532,2.69828041
06PF2,AcnArb&CapBac,Hetero.same,21,Capsicum_baccatum,4,40,147.3333333,29.805,403.6363636,33.63636364,7,0.583333333,3.375,27,2.25,2,4.999461993,3.427677014,6.32455532,3.544904102
06PF2,AcnArb&CasDec,Hetero.diff,19,Acnistus_arborescens,4,70,284.3333333,73.495,161.4285714,13.45238095,8,0.666666667,9.363636364,103,8.583333333,2,5.653658087,4.310732009,8.366600265,2.670859173
06PF2,AcnArb&CasSyl,Hetero.diff,16,Acnistus_arborescens,4,20,230,83.945,77.125,6.427083333,6,0.5,17.08333333,205,17.08333333,2,5.442417711,4.442003988,4.472135955,2.005133229
06PF2,AcnArb&CasSyl,Hetero.diff,16,Casearia_sylvestris,4,20,122,30.6025,50,4.166666667,0,0,0,0,0,2,4.812184355,3.453236231,4.472135955,1.642227735
06PF2,AcnArb&CelIgu,Hetero.diff,12,Acnistus_arborescens,4,35,287.6666667,94.19,268.375,22.36458333,5,0.416666667,3.545454545,39,3.25,2,5.66527262,4.555874894,5.916079783,3.151221343
06PF2,AcnArb&CelIgu,Hetero.diff,12,Celtis_iguanaea,4,35,158.3333333,32.29,0,0,0,0,0,0,0,2,5.070998444,3.505257052,5.916079783,0
06PF2,AcnArb&TreMic,Hetero.diff,17,Acnistus_arborescens,4,4,215,47.7225,120,10,0,0,0,0,0,2,5.375278408,3.886140936,2,2.397895273
06PF2,AcnArb&TreMic,Hetero.diff,17,Trema_micrantha,4,4,365.6666667,59.95,401.4666667,33.45555556,7,0.583333333,7,77,6.416666667,2,5.90445317,4.110053856,2,3.539670249
06PF2,All,Hetero.All,6,Acnistus_arborescens,4,10,280.3333333,153.83,88.22222222,22.05555556,8,2,9.125,73,18.25,6,5.639540206,5.042327741,3.16227766,3.137906762
06PF2,All,Hetero.All,6,Capsicum_baccatum,2,10,117,44.22,733.6363636,183.4090909,1,0.25,6.333333333,57,14.25,6,4.770684624,3.811539467,3.16227766,5.21715661
06PF2,All,Hetero.All,6,Casearia_sylvestris,4,10,151.6666667,81.015,140,35,0,0,0.333333333,1,0.25,6,5.028256896,4.406902157,3.16227766,3.583518938
06PF2,All,Hetero.All,6,Celtis_iguanaea,4,10,143,43.62,0,0,0,0,0,0,0,6,4.9698133,3.798182189,3.16227766,0
06PF2,All,Hetero.All,6,Trema_micrantha,4,10,298.6666667,72.7475,297.7777778,74.44444444,12,3,13.5,108,27,6,5.702670746,4.300647096,3.16227766,4.32339655
06PF2,CapBac,Intra,20,Capsicum_baccatum,4,40,145.3333333,45.8375,334.1666667,13.92361111,4,0.166666667,12.1,121,5.041666667,1,4.985887124,3.846684164,6.32455532,2.702944597
06PF2,CapBac&CasDec,Hetero.diff,23,Capsicum_baccatum,4,50,127.3333333,49.01,319,26.58333333,4,0.333333333,23.06666667,346,28.83333333,2,4.854631045,3.912222985,7.071067812,3.317211726
06PF2,CapBac&CasSyl,Hetero.diff,3,Capsicum_baccatum,4,20,148.6666667,52.125,383.3333333,31.94444444,11,0.916666667,11,132,11,2,5.008410599,3.972647627,4.472135955,3.494822641
06PF2,CapBac&CasSyl,Hetero.diff,3,Casearia_sylvestris,4,20,140.6666667,52.41,0,0,1,0.083333333,0,0,0,2,4.95347688,3.977997994,4.472135955,0
06PF2,CapBac&CelIgu,Hetero.diff,8,Capsicum_baccatum,4,30,156.6666667,51.8125,418.4615385,34.87179487,3,0.25,20.125,322,26.83333333,2,5.0604831,3.966747905,5.477225575,3.579951329
06PF2,CapBac&CelIgu,Hetero.diff,8,Celtis_iguanaea,4,30,205,52.71,40,3.333333333,2,0.166666667,0,0,0,2,5.327876169,3.983599204,5.477225575,1.466337069
06PF2,CapBac&TreMic,Hetero.diff,11,Capsicum_baccatum,4,4,149,49.9975,277.6666667,23.13888889,8,0.666666667,10.15384615,132,11,2,5.010635294,3.931776612,2,3.183824187
06PF2,CapBac&TreMic,Hetero.diff,11,Trema_micrantha,4,4,375.3333333,75.35,428.5714286,35.71428571,16,1.333333333,10.7,107,8.916666667,2,5.930475275,4.335328032,2,3.603165936
06PF2,CasDec&CasSyl,Hetero.same,15,Casearia_sylvestris,4,5,154,39.9225,70,5.833333333,3,0.25,0.444444444,4,0.333333333,2,5.043425117,3.711680034,2.236067977,1.921812597
06PF2,CasDec&CelIgu,Hetero.diff,1,Celtis_iguanaea,4,15,189.6666667,48.7575,0,0,1,0.083333333,8,32,2.666666667,2,5.250526703,3.907161206,3.872983346,0
06PF2,CasDec&TreMic,Hetero.diff,2,Trema_micrantha,4,10,315.6666667,57.0675,652.8571429,54.4047619,7,0.583333333,5.533333333,83,6.916666667,2,5.757849696,4.061606127,3.16227766,4.014665545
06PF2,CasSyl,Intra,9,Casearia_sylvestris,4,8,144.3333333,35.08,300,12.5,0,0,0.545454545,6,0.25,1,4.979029954,3.585738695,2.828427125,2.602689685
06PF2,CasSyl&CelIgu,Hetero.diff,7,Casearia_sylvestris,4,10,140.6666667,74.36,200,16.66666667,2,0.166666667,15.92307692,207,17.25,2,4.95347688,4.32227663,3.16227766,2.871679625
06PF2,CasSyl&CelIgu,Hetero.diff,7,Celtis_iguanaea,4,10,220.6666667,56.95,50,4.166666667,0,0,0,0,0,2,5.401174752,4.05958057,3.16227766,1.642227735
06PF2,CasSyl&TreMic,Hetero.diff,5,Casearia_sylvestris,4,3,153,60.75,100,8.333333333,0,0,1,1,0.083333333,2,5.036952602,4.123093976,1.732050808,2.233592222
06PF2,CasSyl&TreMic,Hetero.diff,5,Trema_micrantha,4,3,438,78.3925,882,73.5,17,1.416666667,11.5,184,15.33333333,2,6.084499413,4.374403905,1.732050808,4.310799125
06PF2,CelIgu,Intra,4,Celtis_iguanaea,4,25,171,27.9775,0,0,0,0,8.8,132,5.5,1,5.147494477,3.366519667,5,0
06PF2,CelIgu&TreMic,Hetero.same,18,Celtis_iguanaea,5,15,88.66666667,11.636,0,0,0,0,0,0,0,2,4.496099091,2.536549883,3.872983346,0
06PF2,CelIgu&TreMic,Hetero.same,18,Trema_micrantha,4,15,411.6666667,63.015,314.5454545,26.21212121,6,0.5,9.764705882,166,13.83333333,2,6.022640165,4.159117431,3.872983346,3.303662507
06PF2,TreMic,Intra,10,Trema_micrantha,4,12,400.6666667,50.355,473.3333333,19.72222222,18,0.75,2.909090909,32,1.333333333,1,5.995622557,3.938762303,3.464101615,3.031206662
07ZM,AcnArb,Intra,17,Acnistus_arborescens,4,10,275.6666667,115.2575,226.875,9.453125,6,0.25,5.384615385,70,2.916666667,1,5.622813412,4.755807559,3.16227766,2.346900977
07ZM,AcnArb&CapBac,Hetero.same,20,Acnistus_arborescens,4,5,261.6666667,95.3125,154.3333333,12.86111111,7,0.583333333,24,192,16,2,5.570885801,4.567598113,2.236067977,2.629087157
07ZM,AcnArb&CapBac,Hetero.same,20,Capsicum_baccatum,4,5,173.3333333,52.38,272.7857143,22.73214286,2,0.166666667,25.23076923,328,27.33333333,2,5.160969175,3.977436144,2.236067977,3.166830368
07ZM,AcnArb&CasDec,Hetero.diff,13,Acnistus_arborescens,4,10,254,81.8325,225.625,18.80208333,6,0.5,34.75,417,34.75,2,5.541263545,4.416820496,3.16227766,2.985787151
07ZM,AcnArb&CasSyl,Hetero.diff,18,Acnistus_arborescens,4,10,256.6666667,73.8725,148.3333333,12.36111111,8,0.666666667,13.88235294,236,19.66666667,2,5.55166676,4.315786667,3.16227766,2.592348332
07ZM,AcnArb&CasSyl,Hetero.diff,18,Casearia_sylvestris,4,10,146.6666667,50.0375,123.3333333,10.27777778,0,0,0,0,0,2,4.994957482,3.932560657,3.16227766,2.422834221
07ZM,AcnArb&CelIgu,Hetero.diff,3,Acnistus_arborescens,4,1,220.6666667,82.835,233.7692308,19.48076923,9,0.75,13.94444444,251,20.91666667,2,5.401174752,4.428850581,1,3.01948636
07ZM,AcnArb&CelIgu,Hetero.diff,3,Celtis_iguanaea,4,1,66.66666667,20.005,0,0,0,0,0,0,0,2,4.21459369,3.044760505,1,0
07ZM,AcnArb&TreMic,Hetero.diff,15,Acnistus_arborescens,4,20,217,67.12,160.625,13.38541667,5,0.416666667,13.5,81,6.75,2,5.384495063,4.221270856,4.472135955,2.666214962
07ZM,AcnArb&TreMic,Hetero.diff,15,Trema_micrantha,4,20,341.3333333,53.375,406.6666667,33.88888889,8,0.666666667,19.85714286,139,11.58333333,2,5.835784921,3.995904489,4.472135955,3.552168409
07ZM,All,Hetero.All,1,Acnistus_arborescens,4,5,294.3333333,107.6975,86.16666667,21.54166667,0,0,1,5,1.25,6,5.688104662,4.688568795,2.236067977,3.115365448
07ZM,All,Hetero.All,1,Capsicum_baccatum,3,5,138.6666667,41.12,146,36.5,1,0.25,8,56,14,6,4.939258631,3.740522687,2.236067977,3.624340933
07ZM,All,Hetero.All,1,Casearia_sylvestris,4,5,136.6666667,62.6775,206.6666667,51.66666667,0,0,0,0,0,6,4.924835305,4.153831282,2.236067977,3.963982744
07ZM,All,Hetero.All,1,Celtis_iguanaea,2,5,71.33333333,28.53,0,0,0,0,0,0,0,6,4.281285065,3.385406696,2.236067977,0
07ZM,All,Hetero.All,1,Trema_micrantha,4,5,345.6666667,76.6775,185.4545455,46.36363636,3,0.75,10.625,85,21.25,6,5.848363704,4.35256564,2.236067977,3.857854769
07ZM,CapBac,Intra,16,Capsicum_baccatum,4,40,140,46.4275,352.1875,14.67447917,13,0.541666667,15.06666667,226,9.416666667,1,4.94875989,3.859202229,6.32455532,2.752033859
07ZM,CapBac&CasDec,Hetero.diff,22,Capsicum_baccatum,4,5,187,54.705,551.5384615,45.96153846,12,1,32.72222222,589,49.08333333,2,5.236441963,4.02006991,2.236067977,3.849328936
07ZM,CapBac&CasSyl,Hetero.diff,23,Capsicum_baccatum,4,5,156.6666667,46.2225,290.3846154,24.19871795,12,1,55,880,73.33333333,2,5.0604831,3.854870474,2.236067977,3.226793118
07ZM,CapBac&CasSyl,Hetero.diff,23,Casearia_sylvestris,4,5,172.6666667,70.445,160,13.33333333,1,0.083333333,5,10,0.833333333,2,5.157137753,4.268927923,2.236067977,2.662587827
07ZM,CapBac&CelIgu,Hetero.diff,4,Capsicum_baccatum,4,35,125,44.79,205.7692308,17.1474359,1,0.083333333,17.8125,285,23.75,2,4.836281907,3.824065727,5.916079783,2.898529278
07ZM,CapBac&CelIgu,Hetero.diff,4,Celtis_iguanaea,4,35,46,17.7775,0,0,0,0,0,0,0,2,3.850147602,2.932659345,5.916079783,0
07ZM,CapBac&TreMic,Hetero.diff,9,Capsicum_baccatum,4,10,133,54.925,139.1666667,11.59722222,19,1.583333333,12.375,99,8.25,2,4.8978398,4.024011507,3.16227766,2.533476331
07ZM,CapBac&TreMic,Hetero.diff,9,Trema_micrantha,4,10,351,60.47,401.25,33.4375,6,0.5,29.58333333,355,29.58333333,2,5.863631176,4.118549251,3.16227766,3.539146087
07ZM,CasDec&CasSyl,Hetero.same,7,Casearia_sylvestris,4,10,168.3333333,81.65,587.5,48.95833333,1,0.083333333,10.8,108,9,2,5.131869159,4.414614824,3.16227766,3.911189325
07ZM,CasDec&CelIgu,Hetero.diff,12,Celtis_iguanaea,4,5,105,32.0575,0,0,0,0,0,0,0,2,4.663439094,3.498248469,2.236067977,0
07ZM,CasDec&TreMic,Hetero.diff,6,Trema_micrantha,4,5,365.6666667,62.88,406,33.83333333,7,0.583333333,7.352941176,125,10.41666667,2,5.90445317,4.157006323,2.236067977,3.550574783
07ZM,CasSyl,Intra,5,Casearia_sylvestris,4,15,134.6666667,29.65,400,16.66666667,1,0.041666667,10.2,102,4.25,1,4.910200897,3.422632662,3.872983346,2.871679625
07ZM,CasSyl&CelIgu,Hetero.diff,14,Casearia_sylvestris,4,15,158.3333333,38.4575,0,0,1,0.083333333,4.285714286,30,2.5,2,5.070998444,3.675224143,3.872983346,0
07ZM,CasSyl&CelIgu,Hetero.diff,14,Celtis_iguanaea,4,15,169.3333333,17.4175,0,0,0,0,1.25,5,0.416666667,2,5.137757301,2.9133013,3.872983346,0
07ZM,CasSyl&TreMic,Hetero.diff,19,Casearia_sylvestris,4,10,161.3333333,65.605,265,22.08333333,0,0,2,2,0.166666667,2,5.089651834,4.19877965,3.16227766,3.139110856
07ZM,CasSyl&TreMic,Hetero.diff,19,Trema_micrantha,4,10,339.3333333,58.1125,536,44.66666667,10,0.833333333,12.83333333,231,19.25,2,5.829925529,4.079442408,3.16227766,3.821368637
07ZM,CelIgu,Intra,21,Celtis_iguanaea,4,5,189.6666667,52.6175,50,2.083333333,0,0,24.15384615,314,13.08333333,1,5.250526703,3.981875507,2.236067977,1.126011263
07ZM,CelIgu&TreMic,Hetero.same,2,Celtis_iguanaea,4,2,38.66666667,11.2975,0,0,0,0,0,0,0,2,3.680511205,2.50939599,1.414213562,0
07ZM,CelIgu&TreMic,Hetero.same,2,Trema_micrantha,4,2,264,61.155,392.7272727,32.72727273,10,0.833333333,9.6875,155,12.91666667,2,5.579729826,4.129631265,1.414213562,3.51830679
07ZM,TreMic,Intra,11,Trema_micrantha,4,1,390.6666667,51.935,522,21.75,12,0.5,6.277777778,113,4.708333333,1,5.970411138,3.969064746,1,3.124565145
08NEI,AcnArb,Intra,20,Acnistus_arborescens,4,35,274.3333333,58.625,316.25,13.17708333,10,0.416666667,35.6,534,22.25,1,5.617982485,4.088074949,5.916079783,2.651626811
08NEI,AcnArb&CapBac,Hetero.same,18,Acnistus_arborescens,4,35,241.6666667,52.7775,160,13.33333333,3,0.25,42.72727273,470,39.16666667,2,5.49168876,3.984855164,5.916079783,2.662587827
08NEI,AcnArb&CapBac,Hetero.same,18,Capsicum_baccatum,4,35,133.3333333,26.7975,291.6666667,24.30555556,0,0,32.5,130,10.83333333,2,4.900324273,3.324946089,5.916079783,3.231023959
08NEI,AcnArb&CasDec,Hetero.diff,10,Acnistus_arborescens,4,60,311.6666667,72.3525,200,16.66666667,4,0.333333333,47.35294118,805,67.08333333,2,5.74513766,4.295276587,7.745966692,2.871679625
08NEI,AcnArb&CasSyl,Hetero.diff,14,Acnistus_arborescens,3,40,361,116.92,141.6666667,11.80555556,3,0.25,92.8,1392,116,2,5.891644212,4.770006428,6.32455532,2.549879105
08NEI,AcnArb&CasSyl,Hetero.diff,14,Casearia_sylvestris,4,40,157.6666667,40.7725,30,2.5,0,0,0,0,0,2,5.066805566,3.732238228,6.32455532,1.252762968
08NEI,AcnArb&CelIgu,Hetero.diff,12,Acnistus_arborescens,4,40,269.3333333,70.325,195,16.25,4,0.333333333,49.46666667,742,61.83333333,2,5.599655765,4.267246897,6.32455532,2.847812143
08NEI,AcnArb&CelIgu,Hetero.diff,12,Celtis_iguanaea,4,40,212.3333333,36.5175,0,0,0,0,0,0,0,2,5.362855888,3.624807491,6.32455532,0
08NEI,AcnArb&TreMic,Hetero.diff,23,Acnistus_arborescens,4,8,291.3333333,36.6975,50,4.166666667,0,0,2,2,0.166666667,2,5.677894704,3.629593779,2.828427125,1.642227735
08NEI,AcnArb&TreMic,Hetero.diff,23,Trema_micrantha,4,8,362.6666667,71.0925,483.3333333,40.27777778,10,0.833333333,37.11111111,668,55.66666667,2,5.896237697,4.277950017,2.828427125,3.720324287
08NEI,All,Hetero.All,15,Acnistus_arborescens,4,10,302.3333333,102.4075,25,6.25,7,1.75,36.875,295,73.75,6,5.714832311,4.638677493,3.16227766,1.981001469
08NEI,All,Hetero.All,15,Capsicum_baccatum,3,10,155,33.13666667,101.4285714,25.35714286,0,0,52.125,417,104.25,6,5.049856007,3.530372075,3.16227766,3.271739314
08NEI,All,Hetero.All,15,Casearia_sylvestris,4,10,136,45.85,0,0,0,0,0,0,0,6,4.919980926,3.846951009,3.16227766,0
08NEI,All,Hetero.All,15,Celtis_iguanaea,4,10,185,37.395,0,0,0,0,0,0,0,6,5.225746674,3.647927243,3.16227766,0
08NEI,All,Hetero.All,15,Trema_micrantha,4,10,313.6666667,80.89,296.3636364,74.09090909,6,1.5,53.66666667,483,120.75,6,5.751513878,4.405376883,3.16227766,4.318699501
08NEI,CapBac,Intra,13,Capsicum_baccatum,4,50,111.3333333,33.6275,315.8333333,13.15972222,2,0.083333333,45.05555556,811,33.79166667,1,4.721470641,3.544648164,7.071067812,2.650401471
08NEI,CapBac&CasDec,Hetero.diff,19,Capsicum_baccatum,4,65,114.6666667,23.2425,257.7,21.475,5,0.416666667,14,182,15.16666667,2,4.750712492,3.188107291,8.062257748,3.11240358
08NEI,CapBac&CasSyl,Hetero.diff,4,Capsicum_baccatum,3,30,159,51.74,293.75,24.47916667,2,0.166666667,27.81818182,306,25.5,2,5.075173815,3.965374181,5.477225575,3.237861125
08NEI,CapBac&CasSyl,Hetero.diff,4,Casearia_sylvestris,4,30,155.6666667,34.5075,326.6666667,27.22222222,0,0,24,72,6,2,5.054120406,3.569743942,5.477225575,3.34010969
08NEI,CapBac&CelIgu,Hetero.diff,1,Capsicum_baccatum,4,40,124.3333333,30.9825,351.25,29.27083333,4,0.333333333,7.866666667,118,9.833333333,2,4.830976854,3.465188878,6.32455532,3.410184653
08NEI,CapBac&CelIgu,Hetero.diff,1,Celtis_iguanaea,4,40,281,57.5675,80,6.666666667,1,0.083333333,0,0,0,2,5.641907071,4.070179935,6.32455532,2.036881927
08NEI,CapBac&TreMic,Hetero.diff,5,Capsicum_baccatum,4,30,143,29.7275,132.7272727,11.06060606,2,0.166666667,12.375,99,8.25,2,4.9698133,3.425158019,5.477225575,2.489944444
08NEI,CapBac&TreMic,Hetero.diff,5,Trema_micrantha,4,30,339.3333333,67.1175,425.2941176,35.44117647,24,2,16.26315789,309,25.75,2,5.829925529,4.221234155,5.477225575,3.595699357
08NEI,CasDec&CasSyl,Hetero.same,9,Casearia_sylvestris,4,50,168.6666667,44.9375,80,6.666666667,0,0,25.09090909,276,23,2,5.133835728,3.827281777,7.071067812,2.036881927
08NEI,CasDec&CelIgu,Hetero.diff,22,Celtis_iguanaea,4,40,231,40.15,0,0,0,0,9.666666667,29,2.416666667,2,5.446737372,3.717223927,6.32455532,0
08NEI,CasDec&TreMic,Hetero.diff,6,Trema_micrantha,4,10,421,71.47,313.8461538,26.15384615,9,0.75,12.75,204,17,2,6.045005314,4.283172683,3.16227766,3.301518699
08NEI,CasSyl,Intra,8,Casearia_sylvestris,4,80,123.3333333,22.32,60,2.5,0,0,30,360,15,1,4.822966131,3.149311361,8.94427191,1.252762968
08NEI,CasSyl&CelIgu,Hetero.diff,7,Casearia_sylvestris,5,50,131.6666667,47.878,70,5.833333333,0,0,34,34,2.833333333,2,4.887839717,3.889327397,7.071067812,1.921812597
08NEI,CasSyl&CelIgu,Hetero.diff,7,Celtis_iguanaea,4,50,245.3333333,59.56,0,0,0,0,26.28571429,368,30.66666667,2,5.506685632,4.103634609,7.071067812,0
08NEI,CasSyl&TreMic,Hetero.diff,16,Casearia_sylvestris,4,20,146.6666667,42.89,100,8.333333333,0,0,1,2,0.166666667,2,4.994957482,3.781686504,4.472135955,2.233592222
08NEI,CasSyl&TreMic,Hetero.diff,16,Trema_micrantha,4,20,374.3333333,64.165,478.75,39.89583333,9,0.75,40.375,646,53.83333333,2,5.92781452,4.176922515,4.472135955,3.711028183
08NEI,CelIgu,Intra,3,Celtis_iguanaea,4,10,412.3333333,55.7925,250,10.41666667,0,0,17.07142857,239,9.958333333,1,6.02425437,4.039404275,3.16227766,2.435074276
08NEI,CelIgu&TreMic,Hetero.same,2,Celtis_iguanaea,4,10,143.6666667,21.3275,0,0,0,0,0,0,0,2,4.974432246,3.105819103,3.16227766,0
08NEI,CelIgu&TreMic,Hetero.same,2,Trema_micrantha,4,10,483.6666667,73.35,355.2941176,29.60784314,15,1.25,16.31578947,310,25.83333333,2,6.183461369,4.308783673,3.16227766,3.421256288
08NEI,TreMic,Intra,21,Trema_micrantha,4,20,392.3333333,44.7475,524.2857143,21.8452381,10,0.416666667,12.84210526,244,10.16666667,1,5.974657429,3.823137145,4.472135955,3.128742697
09DITO,AcnArb,Intra,9,Acnistus_arborescens,4,10,256.3333333,86.645,340,14.16666667,6,0.25,5.25,63,2.625,1,5.550372261,4.473294565,3.16227766,2.719100037
09DITO,AcnArb&CapBac,Hetero.same,7,Acnistus_arborescens,4,50,322,114.59,214.6666667,17.88888889,5,0.416666667,15.22222222,137,11.41666667,2,5.777652323,4.750049447,7.071067812,2.93857386
09DITO,AcnArb&CapBac,Hetero.same,7,Capsicum_baccatum,4,50,136,32.185,409.2857143,34.10714286,3,0.25,8.625,69,5.75,2,4.919980926,3.502097967,7.071067812,3.55840461
09DITO,AcnArb&CasDec,Hetero.diff,22,Acnistus_arborescens,4,10,357,117.44,300,25,5,0.416666667,13.14285714,184,15.33333333,2,5.880532986,4.774406503,3.16227766,3.258096538
09DITO,AcnArb&CasSyl,Hetero.diff,12,Acnistus_arborescens,4,30,250.3333333,77.9525,148.5714286,12.38095238,9,0.75,6,66,5.5,2,5.526780079,4.368846406,5.477225575,2.593832232
09DITO,AcnArb&CasSyl,Hetero.diff,12,Casearia_sylvestris,4,30,105,24.19,0,0,1,0.083333333,0,0,0,2,4.663439094,3.22644709,5.477225575,0
09DITO,AcnArb&CelIgu,Hetero.diff,21,Acnistus_arborescens,4,10,322.6666667,151.5075,343.3333333,28.61111111,6,0.5,22.8125,365,30.41666667,2,5.77971418,5.027213775,3.16227766,3.388149666
09DITO,AcnArb&CelIgu,Hetero.diff,21,Celtis_iguanaea,4,10,141.6666667,17.75,0,0,0,0,0,0,0,2,4.960510907,2.931193752,3.16227766,0
09DITO,AcnArb&TreMic,Hetero.diff,13,Acnistus_arborescens,4,55,178,75.45,90,7.5,5,0.416666667,2.333333333,28,2.333333333,2,5.187385806,4.336636932,7.416198487,2.140066163
09DITO,AcnArb&TreMic,Hetero.diff,13,Trema_micrantha,4,55,172.3333333,32.14,118.5714286,9.880952381,1,0.083333333,5.25,21,1.75,2,5.155216523,3.500741012,7.416198487,2.387013773
09DITO,All,Hetero.All,14,Acnistus_arborescens,4,60,214,111.0375,135,33.75,4,1,5.4,27,6.75,6,5.370638028,4.718833637,7.745966692,3.548179572
09DITO,All,Hetero.All,14,Capsicum_baccatum,4,60,120.6666667,52.5625,204.6428571,51.16071429,5,1.25,12.8,128,32,6,4.801285065,3.980849196,7.745966692,3.954329612
09DITO,All,Hetero.All,14,Casearia_sylvestris,4,60,114.3333333,39.4175,200,50,0,0,0,0,0,6,4.747826486,3.699262859,7.745966692,3.931825633
09DITO,All,Hetero.All,14,Celtis_iguanaea,3,60,89.33333333,30.64666667,0,0,0,0,0,0,0,6,4.503506532,3.454632824,7.745966692,0
09DITO,All,Hetero.All,14,Trema_micrantha,4,60,168.6666667,35.7725,204.2857143,51.07142857,2,0.5,14.33333333,86,21.5,6,5.133835728,3.604750283,7.745966692,3.952616402
09DITO,CapBac,Intra,20,Capsicum_baccatum,4,5,165.3333333,41.01,1483.571429,61.81547619,13,0.541666667,57.35294118,975,40.625,1,5.113993807,3.737907685,2.236067977,4.140201479
09DITO,CapBac&CasDec,Hetero.diff,6,Capsicum_baccatum,4,70,126.6666667,37.515,427.1666667,35.59722222,10,0.833333333,28.07142857,393,32.75,2,4.849422701,3.651047776,8.366600265,3.599972342
09DITO,CapBac&CasSyl,Hetero.diff,10,Capsicum_baccatum,4,50,154.3333333,43.1675,284.6153846,23.71794872,6,0.5,17.6875,283,23.58333333,2,5.045573345,3.787989225,7.071067812,3.207529648
09DITO,CapBac&CasSyl,Hetero.diff,10,Casearia_sylvestris,4,50,112,40.2825,123.3333333,10.27777778,0,0,5,10,0.833333333,2,4.727387819,3.720438681,7.071067812,2.422834221
09DITO,CapBac&CelIgu,Hetero.diff,4,Capsicum_baccatum,4,60,127,43.7075,563.2142857,46.93452381,10,0.833333333,16.38461538,213,17.75,2,4.852030264,3.800141273,7.745966692,3.869835992
09DITO,CapBac&CelIgu,Hetero.diff,4,Celtis_iguanaea,4,60,95.66666667,14.485,0,0,0,0,0,0,0,2,4.571268634,2.739871813,7.745966692,0
09DITO,CapBac&TreMic,Hetero.diff,8,Capsicum_baccatum,4,15,130.3333333,25.2725,189.5833333,15.79861111,3,0.25,17.41666667,209,17.41666667,2,4.87773862,3.268522765,3.872983346,2.821296211
09DITO,CapBac&TreMic,Hetero.diff,8,Trema_micrantha,4,15,274.3333333,48.8675,355.7142857,29.64285714,10,0.833333333,12.2,122,10.16666667,2,5.617982485,3.909369488,3.872983346,3.422399589
09DITO,CasDec&CasSyl,Hetero.same,16,Casearia_sylvestris,4,85,121,39.2875,250,20.83333333,0,0,1.636363636,18,1.5,2,4.804021045,3.696041247,9.219544457,3.083437854
09DITO,CasDec&CelIgu,Hetero.diff,11,Celtis_iguanaea,4,90,96.33333333,15.1825,0,0,0,0,0,0,0,2,4.578141514,2.783930411,9.486832981,0
09DITO,CasDec&TreMic,Hetero.diff,5,Trema_micrantha,4,60,311.3333333,35.795,255,21.25,4,0.333333333,11.66666667,140,11.66666667,2,5.744070993,3.605361966,7.745966692,3.102342009
09DITO,CasSyl,Intra,1,Casearia_sylvestris,4,40,127.6666667,39.4975,0,0,0,0,1.6,16,0.666666667,1,4.857225081,3.701240244,6.32455532,0
09DITO,CasSyl&CelIgu,Hetero.diff,23,Casearia_sylvestris,4,20,136.6666667,39.73,80,6.666666667,2,0.166666667,2.5,25,2.083333333,2,4.924835305,3.706964922,4.472135955,2.036881927
09DITO,CasSyl&CelIgu,Hetero.diff,23,Celtis_iguanaea,4,20,258.3333333,81.82,100,8.333333333,0,0,0,0,0,2,5.558114235,4.416669578,4.472135955,2.233592222
09DITO,CasSyl&TreMic,Hetero.diff,17,Casearia_sylvestris,4,35,131.6666667,32.4,100,8.333333333,0,0,0,0,0,2,4.887839717,3.5085559,5.916079783,2.233592222
09DITO,CasSyl&TreMic,Hetero.diff,17,Trema_micrantha,4,35,337.3333333,99.99,1107.692308,92.30769231,14,1.166666667,7.384615385,96,8,2,5.824031603,4.615021502,5.916079783,4.535902551
09DITO,CelIgu,Intra,2,Celtis_iguanaea,4,40,103.6666667,21.775,0,0,0,0,2.888888889,26,1.083333333,1,4.650780698,3.125663443,6.32455532,0
09DITO,CelIgu&TreMic,Hetero.same,18,Celtis_iguanaea,4,5,115.6666667,18.9325,0,0,0,0,0,0,0,2,4.759320866,2.992351565,2.236067977,0
09DITO,CelIgu&TreMic,Hetero.same,18,Trema_micrantha,4,5,366.6666667,52.645,499.4444444,41.62037037,11,0.916666667,4.714285714,66,5.5,2,5.907176731,3.982388268,2.236067977,3.752332317
09DITO,TreMic,Intra,19,Trema_micrantha,4,5,419.3333333,38.6025,997.2222222,41.55092593,22,0.916666667,21.35294118,363,15.125,1,6.041048047,3.678892248,2.236067977,3.750701616
10JG,AcnArb,Intra,13,Acnistus_arborescens,4,10,172.6666667,119.8625,1438,59.91666667,6,0.25,8.285714286,116,4.833333333,1,5.157137753,4.794653536,3.16227766,4.10950681
10JG,AcnArb&CapBac,Hetero.same,4,Acnistus_arborescens,4,25,225,97.67,101.75,8.479166667,7,0.583333333,12.33333333,74,6.166666667,2,5.420534999,4.591780949,5,2.249096408
10JG,AcnArb&CapBac,Hetero.same,4,Capsicum_baccatum,4,25,133,35.6775,701.0714286,58.42261905,5,0.416666667,15.88888889,143,11.91666667,2,4.8978398,3.602163488,5,4.084674946
10JG,AcnArb&CasDec,Hetero.diff,23,Acnistus_arborescens,4,10,302,131.4,153.3333333,12.77777778,1,0.083333333,3.636363636,40,3.333333333,2,5.713732806,4.885827644,3.16227766,2.623056988
10JG,AcnArb&CasSyl,Hetero.diff,15,Acnistus_arborescens,4,50,273.3333333,134.4075,1216.142857,101.3452381,16,1.333333333,10.86666667,163,13.58333333,2,5.614343912,4.90828875,7.071067812,4.628351785
10JG,AcnArb&CasSyl,Hetero.diff,15,Casearia_sylvestris,4,50,111.3333333,29.925,55,4.583333333,0,0,0,0,0,2,4.721470641,3.431564918,7.071067812,1.71978597
10JG,AcnArb&CelIgu,Hetero.diff,11,Acnistus_arborescens,4,35,206,118.08,104,8.666666667,1,0.083333333,11.91666667,143,11.91666667,2,5.332718793,4.779795536,5.916079783,2.268683541
10JG,AcnArb&CelIgu,Hetero.diff,11,Celtis_iguanaea,4,35,114,21.625,0,0,0,0,0,0,0,2,4.744932128,3.11905549,5.916079783,0
10JG,AcnArb&TreMic,Hetero.diff,2,Acnistus_arborescens,4,30,165,86.14,100,8.333333333,1,0.083333333,0,0,0,2,5.111987788,4.467516021,5.477225575,2.233592222
10JG,AcnArb&TreMic,Hetero.diff,2,Trema_micrantha,4,30,266.3333333,56.98,564.6153846,47.05128205,16,1.333333333,4.875,78,6.5,2,5.588496319,4.060098123,5.477225575,3.872268817
10JG,All,Hetero.All,14,Acnistus_arborescens,3,20,236.6666667,100.1766667,268.3333333,67.08333333,6,1.5,21,126,31.5,6,5.470869132,4.616868164,4.472135955,4.220732445
10JG,All,Hetero.All,14,Capsicum_baccatum,4,20,138.6666667,64.0075,213.3333333,53.33333333,1,0.25,12.33333333,148,37,6,4.939258631,4.174502648,4.472135955,3.995137912
10JG,All,Hetero.All,14,Casearia_sylvestris,3,20,117,28.54666667,60,15,0,0,1,1,0.25,6,4.770684624,3.385970934,4.472135955,2.772588722
10JG,All,Hetero.All,14,Celtis_iguanaea,3,20,98.33333333,38.22333333,0,0,0,0,0,0,0,6,4.598481198,3.669271808,4.472135955,0
10JG,All,Hetero.All,14,Trema_micrantha,3,20,359.3333333,74.46,727.2727273,181.8181818,12,3,17.33333333,208,52,6,5.887029529,4.323602715,4.472135955,5.208492117
10JG,CapBac,Intra,6,Capsicum_baccatum,4,90,112.3333333,49.265,940.7142857,39.19642857,7,0.291666667,50.73333333,761,31.70833333,1,4.730333329,3.91730901,9.486832981,3.69377815
10JG,CapBac&CasDec,Hetero.diff,5,Capsicum_baccatum,4,80,116,33.8025,212,17.66666667,4,0.333333333,20.66666667,310,25.83333333,2,4.762173935,3.549689223,8.94427191,2.926739402
10JG,CapBac&CasSyl,Hetero.diff,9,Capsicum_baccatum,4,20,140.6666667,82.02,1000,83.33333333,8,0.666666667,62.94444444,1133,94.41666667,2,4.95347688,4.419081543,4.472135955,4.4347772
10JG,CapBac&CasSyl,Hetero.diff,9,Casearia_sylvestris,4,20,103,22.04,60,5,0,0,0,0,0,2,4.644390899,3.137231836,4.472135955,1.791759469
10JG,CapBac&CelIgu,Hetero.diff,22,Capsicum_baccatum,4,10,149.6666667,44.775,719.5,59.95833333,5,0.416666667,51.92857143,727,60.58333333,2,5.015069891,3.823738091,3.16227766,4.110190571
10JG,CapBac&CelIgu,Hetero.diff,22,Celtis_iguanaea,4,10,99.66666667,32.84,0,0,0,0,0,0,0,2,4.611814729,3.521643535,3.16227766,0
10JG,CapBac&TreMic,Hetero.diff,7,Capsicum_baccatum,4,60,110.6666667,29.355,265.5,22.125,18,1.5,13.5,135,11.25,2,4.715518243,3.412961249,7.745966692,3.140914283
10JG,CapBac&TreMic,Hetero.diff,7,Trema_micrantha,4,60,254,79.1075,795.8333333,66.31944444,8,0.666666667,14.81818182,163,13.58333333,2,5.541263545,4.383369483,7.745966692,4.209449117
10JG,CasDec&CasSyl,Hetero.same,19,Casearia_sylvestris,4,60,117,35.1875,80,6.666666667,0,0,10.35714286,145,12.08333333,2,4.770684624,3.588713755,7.745966692,2.036881927
10JG,CasDec&CelIgu,Hetero.diff,16,Celtis_iguanaea,4,60,104.3333333,38.2425,0,0,0,0,213.3333333,640,53.33333333,2,4.657129925,3.669760343,7.745966692,0
10JG,CasDec&TreMic,Hetero.diff,12,Trema_micrantha,4,25,246.6666667,90,862.2222222,71.85185185,12,1,10.72222222,193,16.08333333,2,5.512083756,4.510859507,5,4.288427952
10JG,CasSyl,Intra,21,Casearia_sylvestris,4,30,115.6666667,56.4975,142.5,5.9375,1,0.041666667,8.538461538,111,4.625,1,4.759320866,4.051741469,5.477225575,1.936941479
10JG,CasSyl&CelIgu,Hetero.diff,1,Casearia_sylvestris,4,30,126.6666667,52.03,180,15,0,0,1.545454545,17,1.416666667,2,4.849422701,3.970857791,5.477225575,2.772588722
10JG,CasSyl&CelIgu,Hetero.diff,1,Celtis_iguanaea,4,30,114.6666667,67.9425,125,10.41666667,0,0,23,23,1.916666667,2,4.750712492,4.233272824,5.477225575,2.435074276
10JG,CasSyl&TreMic,Hetero.diff,20,Casearia_sylvestris,4,5,101.3333333,37.845,0,0,0,0,0,0,0,2,4.628235459,3.659579368,2.236067977,0
10JG,CasSyl&TreMic,Hetero.diff,20,Trema_micrantha,4,5,345,77.6475,547.6923077,45.64102564,12,1,19.76190476,415,34.58333333,2,5.846438775,4.364975843,2.236067977,3.842480532
10JG,CelIgu,Intra,8,Celtis_iguanaea,4,30,103.6666667,59.945,127.5,5.3125,0,0,19.07692308,248,10.33333333,1,4.650780698,4.109971818,5.477225575,1.842531795
10JG,CelIgu&TreMic,Hetero.same,10,Celtis_iguanaea,4,10,117.3333333,32.235,0,0,0,0,0,0,0,2,4.773505501,3.503603537,3.16227766,0
10JG,CelIgu&TreMic,Hetero.same,10,Trema_micrantha,4,10,337.6666667,66.07,746.9230769,62.24358974,8,0.666666667,20.6875,331,27.58333333,2,5.82501634,4.20573685,3.16227766,4.146993775
10JG,TreMic,Intra,18,Trema_micrantha,4,40,209.6666667,49.5375,424.6666667,17.69444444,9,0.375,26.77777778,482,20.08333333,1,5.350277106,3.922715635,6.32455532,2.928226391